{"v":"5.7.4","fr":25,"ip":0,"op":100,"w":80,"h":80,"nm":"gift-small","ddd":0,"assets":[],"layers":[{"ddd":0,"ind":1,"ty":4,"nm":"box Outlines","sr":1,"ks":{"o":{"a":0,"k":100,"ix":11},"r":{"a":0,"k":0,"ix":10},"p":{"a":0,"k":[40,64,0],"ix":2,"l":2},"a":{"a":0,"k":[24.25,35.249,0],"ix":1,"l":2},"s":{"a":1,"k":[{"i":{"x":[0.667,0.667,0.667],"y":[1,1,1]},"o":{"x":[0.6,0.6,0.333],"y":[0,0,0]},"t":0,"s":[100,100,100]},{"i":{"x":[0.833,0.833,0.833],"y":[0.833,0.833,0.833]},"o":{"x":[0.167,0.167,0.167],"y":[0.167,0.167,0.167]},"t":6.4,"s":[100,88,100]},{"i":{"x":[0.4,0.4,0.667],"y":[1,1,1]},"o":{"x":[0.333,0.333,0.333],"y":[0,0,0]},"t":9.6,"s":[100,112,100]},{"i":{"x":[1,1,0.833],"y":[1,1,1]},"o":{"x":[0.167,0.167,0.167],"y":[0,0,0]},"t":16,"s":[100,100,100]},{"i":{"x":[0.667,0.667,0.667],"y":[1,1,1]},"o":{"x":[0.6,0.6,0.333],"y":[0,0,0]},"t":35,"s":[100,100,100]},{"i":{"x":[0.833,0.833,0.833],"y":[0.833,0.833,0.833]},"o":{"x":[0.167,0.167,0.167],"y":[0.167,0.167,0.167]},"t":41.4,"s":[100,88,100]},{"i":{"x":[0.4,0.4,0.667],"y":[1,1,1]},"o":{"x":[0.333,0.333,0.333],"y":[0,0,0]},"t":44.6,"s":[100,112,100]},{"i":{"x":[1,1,0.833],"y":[1,1,1]},"o":{"x":[0.167,0.167,0.167],"y":[0,0,0]},"t":51,"s":[100,100,100]},{"i":{"x":[0.667,0.667,0.667],"y":[1,1,1]},"o":{"x":[0.6,0.6,0.333],"y":[0,0,0]},"t":70,"s":[100,100,100]},{"i":{"x":[0.833,0.833,0.833],"y":[0.833,0.833,0.833]},"o":{"x":[0.167,0.167,0.167],"y":[0.167,0.167,0.167]},"t":76.4,"s":[100,88,100]},{"i":{"x":[0.4,0.4,0.667],"y":[1,1,1]},"o":{"x":[0.333,0.333,0.333],"y":[0,0,0]},"t":79.6,"s":[100,112,100]},{"t":86,"s":[100,100,100]}],"ix":6,"l":2}},"ao":0,"shapes":[{"ty":"gr","it":[{"ind":0,"ty":"sh","ix":1,"ks":{"a":0,"k":{"i":[[0,0],[0,0],[0,0],[0,0]],"o":[[0,0],[0,0],[0,0],[0,0]],"v":[[-6.622,-5.25],[6.622,-5.25],[6.622,5.25],[-6.622,5.25]],"c":true},"ix":2},"nm":"Path 1","mn":"ADBE Vector Shape - Group","hd":false},{"ty":"fl","c":{"a":0,"k":[1,0.762087174958,0.085116487391,1],"ix":4},"o":{"a":0,"k":100,"ix":5},"r":1,"bm":0,"nm":"Fill 1","mn":"ADBE Vector Graphic - Fill","hd":false},{"ty":"tr","p":{"a":0,"k":[24.25,5.5],"ix":2},"a":{"a":0,"k":[0,0],"ix":1},"s":{"a":0,"k":[100,100],"ix":3},"r":{"a":0,"k":0,"ix":6},"o":{"a":0,"k":100,"ix":7},"sk":{"a":0,"k":0,"ix":4},"sa":{"a":0,"k":0,"ix":5},"nm":"Transform"}],"nm":"Group 1","np":2,"cix":2,"bm":0,"ix":1,"mn":"ADBE Vector Group","hd":false},{"ty":"gr","it":[{"ind":0,"ty":"sh","ix":1,"ks":{"a":0,"k":{"i":[[0,0],[0,0],[0,0],[0,0]],"o":[[0,0],[0,0],[0,0],[0,0]],"v":[[4.133,-2.256],[-4.133,-2.256],[-4.133,2.256],[4.133,2.256]],"c":true},"ix":2},"nm":"Path 1","mn":"ADBE Vector Shape - Group","hd":false},{"ty":"fl","c":{"a":0,"k":[0.870139028512,0.657819022384,0,1],"ix":4},"o":{"a":0,"k":100,"ix":5},"r":1,"bm":0,"nm":"Fill 1","mn":"ADBE Vector Graphic - Fill","hd":false},{"ty":"tr","p":{"a":0,"k":[24.25,13.006],"ix":2},"a":{"a":0,"k":[0,0],"ix":1},"s":{"a":0,"k":[100,100],"ix":3},"r":{"a":0,"k":0,"ix":6},"o":{"a":0,"k":100,"ix":7},"sk":{"a":0,"k":0,"ix":4},"sa":{"a":0,"k":0,"ix":5},"nm":"Transform"}],"nm":"Group 2","np":2,"cix":2,"bm":0,"ix":2,"mn":"ADBE Vector Group","hd":false},{"ty":"gr","it":[{"ind":0,"ty":"sh","ix":1,"ks":{"a":0,"k":{"i":[[0,0],[0,0],[0,0],[0,0]],"o":[[0,0],[0,0],[0,0],[0,0]],"v":[[4.133,12.249],[-4.133,12.249],[-4.133,-12.249],[4.133,-12.249]],"c":true},"ix":2},"nm":"Path 1","mn":"ADBE Vector Shape - Group","hd":false},{"ty":"fl","c":{"a":0,"k":[1,0.762087174958,0.085116487391,1],"ix":4},"o":{"a":0,"k":100,"ix":5},"r":1,"bm":0,"nm":"Fill 1","mn":"ADBE Vector Graphic - Fill","hd":false},{"ty":"tr","p":{"a":0,"k":[24.25,23],"ix":2},"a":{"a":0,"k":[0,0],"ix":1},"s":{"a":0,"k":[100,100],"ix":3},"r":{"a":0,"k":0,"ix":6},"o":{"a":0,"k":100,"ix":7},"sk":{"a":0,"k":0,"ix":4},"sa":{"a":0,"k":0,"ix":5},"nm":"Transform"}],"nm":"Group 3","np":2,"cix":2,"bm":0,"ix":3,"mn":"ADBE Vector Group","hd":false},{"ty":"gr","it":[{"ind":0,"ty":"sh","ix":1,"ks":{"a":0,"k":{"i":[[2.209,0],[0,0],[0,2.209],[0,0],[-2.209,0],[0,0],[0,-2.208],[0,0]],"o":[[0,0],[-2.209,0],[0,0],[0,-2.208],[0,0],[2.209,0],[0,0],[0,2.209]],"v":[[20,5.25],[-20,5.25],[-24,1.25],[-24,-1.25],[-20,-5.25],[20,-5.25],[24,-1.25],[24,1.25]],"c":true},"ix":2},"nm":"Path 1","mn":"ADBE Vector Shape - Group","hd":false},{"ty":"fl","c":{"a":0,"k":[1,0.200948393579,0.293824917662,1],"ix":4},"o":{"a":0,"k":100,"ix":5},"r":1,"bm":0,"nm":"Fill 1","mn":"ADBE Vector Graphic - Fill","hd":false},{"ty":"tr","p":{"a":0,"k":[24.25,5.5],"ix":2},"a":{"a":0,"k":[0,0],"ix":1},"s":{"a":0,"k":[100,100],"ix":3},"r":{"a":0,"k":0,"ix":6},"o":{"a":0,"k":100,"ix":7},"sk":{"a":0,"k":0,"ix":4},"sa":{"a":0,"k":0,"ix":5},"nm":"Transform"}],"nm":"Group 4","np":2,"cix":2,"bm":0,"ix":4,"mn":"ADBE Vector Group","hd":false},{"ty":"gr","it":[{"ind":0,"ty":"sh","ix":1,"ks":{"a":0,"k":{"i":[[0,0],[0,0],[0,0],[0,0]],"o":[[0,0],[0,0],[0,0],[0,0]],"v":[[21.818,-2.256],[-21.818,-2.256],[-21.818,2.256],[21.818,2.256]],"c":true},"ix":2},"nm":"Path 1","mn":"ADBE Vector Shape - Group","hd":false},{"ty":"fl","c":{"a":0,"k":[0.884359621534,0,0.148820256252,1],"ix":4},"o":{"a":0,"k":100,"ix":5},"r":1,"bm":0,"nm":"Fill 1","mn":"ADBE Vector Graphic - Fill","hd":false},{"ty":"tr","p":{"a":0,"k":[24.25,13.006],"ix":2},"a":{"a":0,"k":[0,0],"ix":1},"s":{"a":0,"k":[100,100],"ix":3},"r":{"a":0,"k":0,"ix":6},"o":{"a":0,"k":100,"ix":7},"sk":{"a":0,"k":0,"ix":4},"sa":{"a":0,"k":0,"ix":5},"nm":"Transform"}],"nm":"Group 5","np":2,"cix":2,"bm":0,"ix":5,"mn":"ADBE Vector Group","hd":false},{"ty":"gr","it":[{"ind":0,"ty":"sh","ix":1,"ks":{"a":0,"k":{"i":[[2.209,0],[0,0],[0,2.209],[0,0],[-2.209,0],[0,0],[0,-2.209],[0,0]],"o":[[0,0],[-2.209,0],[0,0],[0,-2.209],[0,0],[2.209,0],[0,0],[0,2.209]],"v":[[17.818,17.499],[-17.818,17.499],[-21.818,13.499],[-21.818,-13.499],[-17.818,-17.499],[17.818,-17.499],[21.818,-13.499],[21.818,13.499]],"c":true},"ix":2},"nm":"Path 1","mn":"ADBE Vector Shape - Group","hd":false},{"ty":"fl","c":{"a":0,"k":[1,0.200948393579,0.293824917662,1],"ix":4},"o":{"a":0,"k":100,"ix":5},"r":1,"bm":0,"nm":"Fill 1","mn":"ADBE Vector Graphic - Fill","hd":false},{"ty":"tr","p":{"a":0,"k":[24.25,17.75],"ix":2},"a":{"a":0,"k":[0,0],"ix":1},"s":{"a":0,"k":[100,100],"ix":3},"r":{"a":0,"k":0,"ix":6},"o":{"a":0,"k":100,"ix":7},"sk":{"a":0,"k":0,"ix":4},"sa":{"a":0,"k":0,"ix":5},"nm":"Transform"}],"nm":"Group 6","np":2,"cix":2,"bm":0,"ix":6,"mn":"ADBE Vector Group","hd":false}],"ip":0,"op":100,"st":0,"bm":0},{"ddd":0,"ind":2,"ty":4,"nm":"bow Outlines","parent":1,"sr":1,"ks":{"o":{"a":0,"k":100,"ix":11},"r":{"a":0,"k":0,"ix":10},"p":{"a":0,"k":[24.25,-2.628,0],"ix":2,"l":2},"a":{"a":0,"k":[5.468,4.441,0],"ix":1,"l":2},"s":{"a":0,"k":[100,100,100],"ix":6,"l":2}},"ao":0,"shapes":[{"ty":"gr","it":[{"ind":0,"ty":"sh","ix":1,"ks":{"a":0,"k":{"i":[[0,0],[1.445,0],[0,0],[0,1.45]],"o":[[0,1.45],[0,0],[-1.446,0],[0,0]],"v":[[5.217,-1.312],[2.6,1.312],[-2.6,1.312],[-5.217,-1.312]],"c":true},"ix":2},"nm":"Path 1","mn":"ADBE Vector Shape - Group","hd":false},{"ty":"fl","c":{"a":0,"k":[0.870139028512,0.657819022384,0,1],"ix":4},"o":{"a":0,"k":100,"ix":5},"r":1,"bm":0,"nm":"Fill 1","mn":"ADBE Vector Graphic - Fill","hd":false},{"ty":"tr","p":{"a":0,"k":[5.468,7.319],"ix":2},"a":{"a":0,"k":[0,0],"ix":1},"s":{"a":0,"k":[100,100],"ix":3},"r":{"a":0,"k":0,"ix":6},"o":{"a":0,"k":100,"ix":7},"sk":{"a":0,"k":0,"ix":4},"sa":{"a":0,"k":0,"ix":5},"nm":"Transform"}],"nm":"Group 1","np":2,"cix":2,"bm":0,"ix":1,"mn":"ADBE Vector Group","hd":false},{"ty":"gr","it":[{"ind":0,"ty":"sh","ix":1,"ks":{"a":0,"k":{"i":[[2.314,0],[0,0],[0,2.315],[-2.315,0],[0,0],[0,-2.314]],"o":[[0,0],[-2.315,0],[0,-2.314],[0,0],[2.314,0],[0,2.315]],"v":[[1.027,4.191],[-1.027,4.191],[-5.217,0],[-1.027,-4.191],[1.027,-4.191],[5.217,0]],"c":true},"ix":2},"nm":"Path 1","mn":"ADBE Vector Shape - Group","hd":false},{"ty":"fl","c":{"a":0,"k":[1,0.762087174958,0.085116487391,1],"ix":4},"o":{"a":0,"k":100,"ix":5},"r":1,"bm":0,"nm":"Fill 1","mn":"ADBE Vector Graphic - Fill","hd":false},{"ty":"tr","p":{"a":0,"k":[5.468,4.441],"ix":2},"a":{"a":0,"k":[0,0],"ix":1},"s":{"a":0,"k":[100,100],"ix":3},"r":{"a":0,"k":0,"ix":6},"o":{"a":0,"k":100,"ix":7},"sk":{"a":0,"k":0,"ix":4},"sa":{"a":0,"k":0,"ix":5},"nm":"Transform"}],"nm":"Group 2","np":2,"cix":2,"bm":0,"ix":2,"mn":"ADBE Vector Group","hd":false}],"ip":0,"op":100,"st":0,"bm":0},{"ddd":0,"ind":3,"ty":4,"nm":"loop-left Outlines","parent":2,"sr":1,"ks":{"o":{"a":0,"k":100,"ix":11},"r":{"a":1,"k":[{"i":{"x":[0.7],"y":[1]},"o":{"x":[0.6],"y":[0]},"t":6,"s":[0]},{"i":{"x":[0.4],"y":[1]},"o":{"x":[0.3],"y":[0]},"t":10,"s":[20]},{"i":{"x":[1],"y":[1]},"o":{"x":[0],"y":[0]},"t":16,"s":[0]},{"i":{"x":[0.7],"y":[1]},"o":{"x":[0.6],"y":[0]},"t":41,"s":[0]},{"i":{"x":[0.4],"y":[1]},"o":{"x":[0.3],"y":[0]},"t":45,"s":[20]},{"i":{"x":[1],"y":[1]},"o":{"x":[0],"y":[0]},"t":51,"s":[0]},{"i":{"x":[0.7],"y":[1]},"o":{"x":[0.6],"y":[0]},"t":76,"s":[0]},{"i":{"x":[0.4],"y":[1]},"o":{"x":[0.3],"y":[0]},"t":80,"s":[20]},{"t":86,"s":[0]}],"ix":10},"p":{"a":0,"k":[1.027,7.379,0],"ix":2,"l":2},"a":{"a":0,"k":[19.741,15.451,0],"ix":1,"l":2},"s":{"a":0,"k":[100,100,100],"ix":6,"l":2}},"ao":0,"shapes":[{"ty":"gr","it":[{"ind":0,"ty":"sh","ix":1,"ks":{"a":0,"k":{"i":[[0,0],[1.395,1.402],[1.445,0.443],[0.24,-1.007],[-0.362,-0.685],[0.047,-0.323],[4.134,3.067],[-8.955,1.329],[0,-0.001],[-0.073,0.011],[-0.187,0.033],[-0.159,0.031],[-0.17,0.037],[-0.193,0.045],[-0.039,0.009],[0,0],[-0.699,0.207]],"o":[[0,0],[-0.002,0.009],[-1.447,-0.443],[-0.241,1.007],[0.074,0.139],[-2.613,-0.12],[-0.126,4.218],[0,0.001],[0.073,-0.011],[0.182,-0.029],[0.156,-0.028],[0.167,-0.032],[0.189,-0.04],[0.039,-0.009],[0,0],[0.646,-0.153],[0,0]],"v":[[8.749,-2.379],[6.459,-4.896],[4.2,-2.39],[0.061,-2.511],[4.321,-0.657],[4.344,0.067],[-8.623,-3.732],[3.257,3.567],[3.256,3.572],[3.479,3.534],[4.032,3.441],[4.504,3.353],[5.011,3.248],[5.581,3.123],[5.695,3.098],[5.695,3.096],[7.707,2.563]],"c":true},"ix":2},"nm":"Path 1","mn":"ADBE Vector Shape - Group","hd":false},{"ty":"fl","c":{"a":0,"k":[0.870139028512,0.657819022384,0,1],"ix":4},"o":{"a":0,"k":100,"ix":5},"r":1,"bm":0,"nm":"Fill 1","mn":"ADBE Vector Graphic - Fill","hd":false},{"ty":"tr","p":{"a":0,"k":[12.034,12.888],"ix":2},"a":{"a":0,"k":[0,0],"ix":1},"s":{"a":0,"k":[100,100],"ix":3},"r":{"a":0,"k":0,"ix":6},"o":{"a":0,"k":100,"ix":7},"sk":{"a":0,"k":0,"ix":4},"sa":{"a":0,"k":0,"ix":5},"nm":"Transform"}],"nm":"Group 1","np":2,"cix":2,"bm":0,"ix":1,"mn":"ADBE Vector Group","hd":false},{"ty":"gr","it":[{"ind":0,"ty":"sh","ix":1,"ks":{"a":0,"k":{"i":[[0,0],[5.602,-2.546],[-19.491,5.766]],"o":[[0,0],[-5.602,2.546],[0,0]],"v":[[10.266,-0.225],[-3.551,-7.938],[9.225,4.717]],"c":true},"ix":2},"nm":"Path 1","mn":"ADBE Vector Shape - Group","hd":false},{"ty":"fl","c":{"a":0,"k":[1,0.762087174958,0.085116487391,1],"ix":4},"o":{"a":0,"k":100,"ix":5},"r":1,"bm":0,"nm":"Fill 1","mn":"ADBE Vector Graphic - Fill","hd":false},{"ty":"tr","p":{"a":0,"k":[10.517,10.733],"ix":2},"a":{"a":0,"k":[0,0],"ix":1},"s":{"a":0,"k":[100,100],"ix":3},"r":{"a":0,"k":0,"ix":6},"o":{"a":0,"k":100,"ix":7},"sk":{"a":0,"k":0,"ix":4},"sa":{"a":0,"k":0,"ix":5},"nm":"Transform"}],"nm":"Group 2","np":2,"cix":2,"bm":0,"ix":2,"mn":"ADBE Vector Group","hd":false}],"ip":0,"op":100,"st":0,"bm":0},{"ddd":0,"ind":4,"ty":4,"nm":"loop-right Outlines","parent":2,"sr":1,"ks":{"o":{"a":0,"k":100,"ix":11},"r":{"a":1,"k":[{"i":{"x":[0.7],"y":[1]},"o":{"x":[0.6],"y":[0]},"t":6,"s":[0]},{"i":{"x":[0.4],"y":[1]},"o":{"x":[0.3],"y":[0]},"t":10,"s":[-20]},{"i":{"x":[1],"y":[1]},"o":{"x":[0],"y":[0]},"t":16,"s":[0]},{"i":{"x":[0.7],"y":[1]},"o":{"x":[0.6],"y":[0]},"t":41,"s":[0]},{"i":{"x":[0.4],"y":[1]},"o":{"x":[0.3],"y":[0]},"t":45,"s":[-20]},{"i":{"x":[1],"y":[1]},"o":{"x":[0.167],"y":[0]},"t":51,"s":[0]},{"i":{"x":[0.7],"y":[1]},"o":{"x":[0.6],"y":[0]},"t":76,"s":[0]},{"i":{"x":[0.4],"y":[1]},"o":{"x":[0.3],"y":[0]},"t":80,"s":[-20]},{"t":86,"s":[0]}],"ix":10},"p":{"a":0,"k":[9.908,7.319,0],"ix":2,"l":2},"a":{"a":0,"k":[1.291,15.391,0],"ix":1,"l":2},"s":{"a":0,"k":[100,100,100],"ix":6,"l":2}},"ao":0,"shapes":[{"ty":"gr","it":[{"ind":0,"ty":"sh","ix":1,"ks":{"a":0,"k":{"i":[[0.127,4.218],[2.612,-0.12],[-0.074,0.139],[0.242,1.008],[1.446,-0.443],[0.002,0.009],[0,0],[0,0],[-0.647,-0.153],[0,0],[-0.039,-0.009],[-0.188,-0.04],[-0.167,-0.032],[-0.157,-0.028],[-0.181,-0.029],[-0.073,-0.011],[0,0.001]],"o":[[-4.134,3.067],[-0.048,-0.323],[0.362,-0.685],[-0.24,-1.007],[-1.446,0.443],[-1.396,1.402],[0,0],[0.699,0.207],[0,0],[0.038,0.009],[0.192,0.045],[0.17,0.037],[0.159,0.031],[0.186,0.033],[0.075,0.011],[0,-0.001],[8.955,1.329]],"v":[[8.622,-3.732],[-4.344,0.067],[-4.321,-0.657],[-0.062,-2.511],[-4.2,-2.39],[-6.459,-4.896],[-8.749,-2.379],[-7.708,2.563],[-5.695,3.096],[-5.695,3.098],[-5.581,3.123],[-5.012,3.248],[-4.505,3.353],[-4.032,3.441],[-3.481,3.534],[-3.256,3.572],[-3.258,3.567]],"c":true},"ix":2},"nm":"Path 1","mn":"ADBE Vector Shape - Group","hd":false},{"ty":"fl","c":{"a":0,"k":[0.870139028512,0.657819022384,0,1],"ix":4},"o":{"a":0,"k":100,"ix":5},"r":1,"bm":0,"nm":"Fill 1","mn":"ADBE Vector Graphic - Fill","hd":false},{"ty":"tr","p":{"a":0,"k":[8.999,12.888],"ix":2},"a":{"a":0,"k":[0,0],"ix":1},"s":{"a":0,"k":[100,100],"ix":3},"r":{"a":0,"k":0,"ix":6},"o":{"a":0,"k":100,"ix":7},"sk":{"a":0,"k":0,"ix":4},"sa":{"a":0,"k":0,"ix":5},"nm":"Transform"}],"nm":"Group 1","np":2,"cix":2,"bm":0,"ix":1,"mn":"ADBE Vector Group","hd":false},{"ty":"gr","it":[{"ind":0,"ty":"sh","ix":1,"ks":{"a":0,"k":{"i":[[0,0],[-5.602,-2.546],[19.491,5.766]],"o":[[0,0],[5.602,2.546],[0,0]],"v":[[-10.266,-0.225],[3.552,-7.938],[-9.225,4.717]],"c":true},"ix":2},"nm":"Path 1","mn":"ADBE Vector Shape - Group","hd":false},{"ty":"fl","c":{"a":0,"k":[1,0.762087174958,0.085116487391,1],"ix":4},"o":{"a":0,"k":100,"ix":5},"r":1,"bm":0,"nm":"Fill 1","mn":"ADBE Vector Graphic - Fill","hd":false},{"ty":"tr","p":{"a":0,"k":[10.516,10.733],"ix":2},"a":{"a":0,"k":[0,0],"ix":1},"s":{"a":0,"k":[100,100],"ix":3},"r":{"a":0,"k":0,"ix":6},"o":{"a":0,"k":100,"ix":7},"sk":{"a":0,"k":0,"ix":4},"sa":{"a":0,"k":0,"ix":5},"nm":"Transform"}],"nm":"Group 2","np":2,"cix":2,"bm":0,"ix":2,"mn":"ADBE Vector Group","hd":false}],"ip":0,"op":100,"st":0,"bm":0}],"markers":[]}