{"v":"5.7.3","fr":30,"ip":0,"op":300,"w":1080,"h":1080,"nm":"01_Need A Doctor","ddd":0,"assets":[{"id":"comp_0","layers":[{"ddd":0,"ind":1,"ty":4,"nm":"1_Arm_R","parent":9,"sr":1,"ks":{"o":{"a":0,"k":100,"ix":11},"r":{"a":1,"k":[{"i":{"x":[0.45],"y":[1]},"o":{"x":[0.55],"y":[0]},"t":0,"s":[0]},{"i":{"x":[0.45],"y":[1]},"o":{"x":[0.55],"y":[0]},"t":30,"s":[10]},{"i":{"x":[0.45],"y":[1]},"o":{"x":[0.55],"y":[0]},"t":60,"s":[0]},{"i":{"x":[0.45],"y":[1]},"o":{"x":[0.55],"y":[0]},"t":90,"s":[10]},{"i":{"x":[0.45],"y":[1]},"o":{"x":[0.55],"y":[0]},"t":120,"s":[0]},{"i":{"x":[0.45],"y":[1]},"o":{"x":[0.55],"y":[0]},"t":150,"s":[0]},{"i":{"x":[0.45],"y":[1]},"o":{"x":[0.55],"y":[0]},"t":180,"s":[10]},{"i":{"x":[0.45],"y":[1]},"o":{"x":[0.55],"y":[0]},"t":210,"s":[0]},{"i":{"x":[0.45],"y":[1]},"o":{"x":[0.55],"y":[0]},"t":240,"s":[10]},{"i":{"x":[0.45],"y":[1]},"o":{"x":[0.55],"y":[0]},"t":270,"s":[0]},{"t":300,"s":[0]}],"ix":10},"p":{"a":0,"k":[488.977,355.798,0],"ix":2},"a":{"a":0,"k":[488.977,355.798,0],"ix":1},"s":{"a":0,"k":[100,100,100],"ix":6}},"ao":0,"shapes":[{"ty":"gr","it":[{"ind":0,"ty":"sh","ix":1,"ks":{"a":0,"k":{"i":[[0,12.468],[0,0],[1.48,1.715],[13.788,-25.534],[0,0]],"o":[[0,-12.467],[0,0],[-1.872,29.324],[0,0],[0,0]],"v":[[14.73,-17.28],[12.791,-38.889],[10.429,-42.012],[-14.731,41.108],[-13.392,42.012]],"c":true},"ix":2},"nm":"Path 1","mn":"ADBE Vector Shape - Group","hd":false},{"ty":"fl","c":{"a":0,"k":[0.800000059838,0.800000059838,0.800000059838,1],"ix":4},"o":{"a":0,"k":100,"ix":5},"r":1,"bm":0,"nm":"Fill 1","mn":"ADBE Vector Graphic - Fill","hd":false},{"ty":"tr","p":{"a":0,"k":[484.746,395.955],"ix":2},"a":{"a":0,"k":[0,0],"ix":1},"s":{"a":0,"k":[100,100],"ix":3},"r":{"a":0,"k":0,"ix":6},"o":{"a":0,"k":100,"ix":7},"sk":{"a":0,"k":0,"ix":4},"sa":{"a":0,"k":0,"ix":5},"nm":"Transform"}],"nm":"Group 1","np":2,"cix":2,"bm":0,"ix":1,"mn":"ADBE Vector Group","hd":false},{"ty":"gr","it":[{"ind":0,"ty":"sh","ix":1,"ks":{"a":0,"k":{"i":[[0,0],[1.479,1.715],[5.797,-3.553],[2.154,-8.68],[0,0],[0,0],[0,0],[0,12.468]],"o":[[0,0],[-3.075,-3.563],[-8.589,5.264],[-1.314,5.295],[0,0],[0,0],[0,0],[0,-12.467]],"v":[[24.888,-34.657],[22.527,-37.778],[7.988,-42.691],[-25.513,23.241],[-26.368,29.343],[-2.633,45.342],[-1.294,46.244],[26.827,-13.046]],"c":true},"ix":2},"nm":"Path 1","mn":"ADBE Vector Shape - Group","hd":false},{"ty":"fl","c":{"a":0,"k":[0.992156922583,0.992156922583,0.992156922583,1],"ix":4},"o":{"a":0,"k":100,"ix":5},"r":1,"bm":0,"nm":"Fill 1","mn":"ADBE Vector Graphic - Fill","hd":false},{"ty":"tr","p":{"a":0,"k":[472.649,391.722],"ix":2},"a":{"a":0,"k":[0,0],"ix":1},"s":{"a":0,"k":[100,100],"ix":3},"r":{"a":0,"k":0,"ix":6},"o":{"a":0,"k":100,"ix":7},"sk":{"a":0,"k":0,"ix":4},"sa":{"a":0,"k":0,"ix":5},"nm":"Transform"}],"nm":"Group 2","np":2,"cix":2,"bm":0,"ix":2,"mn":"ADBE Vector Group","hd":false}],"ip":0,"op":300,"st":0,"bm":0},{"ddd":0,"ind":2,"ty":4,"nm":"2_Arm_R","parent":1,"sr":1,"ks":{"o":{"a":0,"k":100,"ix":11},"r":{"a":1,"k":[{"i":{"x":[0.45],"y":[1]},"o":{"x":[0.55],"y":[0]},"t":0,"s":[0]},{"i":{"x":[0.45],"y":[1]},"o":{"x":[0.55],"y":[0]},"t":30,"s":[10]},{"i":{"x":[0.45],"y":[1]},"o":{"x":[0.55],"y":[0]},"t":60,"s":[0]},{"i":{"x":[0.45],"y":[1]},"o":{"x":[0.55],"y":[0]},"t":90,"s":[10]},{"i":{"x":[0.45],"y":[1]},"o":{"x":[0.55],"y":[0]},"t":120,"s":[0]},{"i":{"x":[0.45],"y":[1]},"o":{"x":[0.55],"y":[0]},"t":150,"s":[0]},{"i":{"x":[0.45],"y":[1]},"o":{"x":[0.55],"y":[0]},"t":180,"s":[10]},{"i":{"x":[0.45],"y":[1]},"o":{"x":[0.55],"y":[0]},"t":210,"s":[0]},{"i":{"x":[0.45],"y":[1]},"o":{"x":[0.55],"y":[0]},"t":240,"s":[10]},{"i":{"x":[0.45],"y":[1]},"o":{"x":[0.55],"y":[0]},"t":270,"s":[0]},{"t":300,"s":[0]}],"ix":10},"p":{"a":0,"k":[459.5,421,0],"ix":2},"a":{"a":0,"k":[459.5,421,0],"ix":1},"s":{"a":0,"k":[100,100,100],"ix":6}},"ao":0,"shapes":[{"ty":"gr","it":[{"ind":0,"ty":"sh","ix":1,"ks":{"a":0,"k":{"i":[[5.653,-13.167],[1.385,-2.493],[0,-3.601],[-1.939,1.662],[1.108,2.771],[0.831,4.711],[-2.771,6.926],[0,1.663]],"o":[[-5.653,13.167],[-1.385,2.494],[0,3.603],[1.94,-1.663],[-1.108,-2.77],[-0.832,-4.71],[2.77,-6.926],[4.386,-15.683]],"v":[[10.251,-57.164],[-15.515,19.207],[-25.212,49.129],[-10.251,55.502],[-5.541,43.588],[-11.636,39.155],[11.914,-7.113],[25.212,-47.564]],"c":true},"ix":2},"nm":"Path 1","mn":"ADBE Vector Shape - Group","hd":false},{"ty":"fl","c":{"a":0,"k":[1,0.686274509804,0.501960784314,1],"ix":4},"o":{"a":0,"k":100,"ix":5},"r":1,"bm":0,"nm":"Fill 1","mn":"ADBE Vector Graphic - Fill","hd":false},{"ty":"tr","p":{"a":0,"k":[442.402,472.747],"ix":2},"a":{"a":0,"k":[0,0],"ix":1},"s":{"a":0,"k":[100,100],"ix":3},"r":{"a":0,"k":0,"ix":6},"o":{"a":0,"k":100,"ix":7},"sk":{"a":0,"k":0,"ix":4},"sa":{"a":0,"k":0,"ix":5},"nm":"Transform"}],"nm":"Group 1","np":2,"cix":2,"bm":0,"ix":1,"mn":"ADBE Vector Group","hd":false}],"ip":0,"op":300,"st":0,"bm":0},{"ddd":0,"ind":3,"ty":4,"nm":"Bag","parent":2,"sr":1,"ks":{"o":{"a":0,"k":100,"ix":11},"r":{"a":1,"k":[{"i":{"x":[0.45],"y":[1]},"o":{"x":[0.55],"y":[0]},"t":0,"s":[0]},{"i":{"x":[0.833],"y":[1]},"o":{"x":[0.55],"y":[0]},"t":30,"s":[9]},{"i":{"x":[0.45],"y":[1]},"o":{"x":[0.167],"y":[0]},"t":45,"s":[0]},{"i":{"x":[0.45],"y":[1]},"o":{"x":[0.55],"y":[0]},"t":60,"s":[9]},{"i":{"x":[0.833],"y":[1]},"o":{"x":[0.55],"y":[0]},"t":90,"s":[9]},{"i":{"x":[0.45],"y":[1]},"o":{"x":[0.167],"y":[0]},"t":105,"s":[0]},{"i":{"x":[0.45],"y":[1]},"o":{"x":[0.55],"y":[0]},"t":120,"s":[9]},{"i":{"x":[0.45],"y":[1]},"o":{"x":[0.55],"y":[0]},"t":150,"s":[0]},{"i":{"x":[0.833],"y":[1]},"o":{"x":[0.55],"y":[0]},"t":180,"s":[9]},{"i":{"x":[0.45],"y":[1]},"o":{"x":[0.167],"y":[0]},"t":195,"s":[0]},{"i":{"x":[0.45],"y":[1]},"o":{"x":[0.55],"y":[0]},"t":210,"s":[9]},{"i":{"x":[0.833],"y":[1]},"o":{"x":[0.55],"y":[0]},"t":240,"s":[9]},{"i":{"x":[0.45],"y":[1]},"o":{"x":[0.167],"y":[0]},"t":255,"s":[0]},{"i":{"x":[0.45],"y":[1]},"o":{"x":[0.55],"y":[0]},"t":270,"s":[9]},{"t":300,"s":[0]}],"ix":10},"p":{"a":0,"k":[426.402,519.745,0],"ix":2},"a":{"a":0,"k":[426.402,519.745,0],"ix":1},"s":{"a":0,"k":[100,100,100],"ix":6}},"ao":0,"shapes":[{"ty":"gr","it":[{"ind":0,"ty":"sh","ix":1,"ks":{"a":0,"k":{"i":[[0,0],[0,0],[0,0],[0,0],[0,0],[0,0],[0,0],[-0.08,0.336],[0,0]],"o":[[0,0],[0,0],[0,0],[0,0],[0,0],[0,0],[0,0],[0.079,-0.335],[0,0]],"v":[[34.12,-0.243],[23.569,28.615],[-38.405,-3.153],[-26.218,-28.615],[37.746,-2.304],[38.406,0.97],[35.768,9.457],[34.348,8.668],[35.612,0]],"c":true},"ix":2},"nm":"Path 1","mn":"ADBE Vector Shape - Group","hd":false},{"ty":"fl","c":{"a":0,"k":[0.117647066303,0.149019607843,0.301960784314,1],"ix":4},"o":{"a":0,"k":100,"ix":5},"r":1,"bm":0,"nm":"Fill 1","mn":"ADBE Vector Graphic - Fill","hd":false},{"ty":"tr","p":{"a":0,"k":[448.728,481.786],"ix":2},"a":{"a":0,"k":[0,0],"ix":1},"s":{"a":0,"k":[100,100],"ix":3},"r":{"a":0,"k":0,"ix":6},"o":{"a":0,"k":100,"ix":7},"sk":{"a":0,"k":0,"ix":4},"sa":{"a":0,"k":0,"ix":5},"nm":"Transform"}],"nm":"Group 1","np":2,"cix":2,"bm":0,"ix":1,"mn":"ADBE Vector Group","hd":false},{"ty":"gr","it":[{"ind":0,"ty":"sh","ix":1,"ks":{"a":0,"k":{"i":[[0,0],[0,0],[0,0],[0,0]],"o":[[0,0],[0,0],[0,0],[0,0]],"v":[[-0.659,25.704],[-11.65,29.342],[8.319,-29.342],[11.65,-26.311]],"c":true},"ix":2},"nm":"Path 1","mn":"ADBE Vector Shape - Group","hd":false},{"ty":"fl","c":{"a":0,"k":[0.149019607843,0.156862745098,0.258823529412,1],"ix":4},"o":{"a":0,"k":100,"ix":5},"r":1,"bm":0,"nm":"Fill 1","mn":"ADBE Vector Graphic - Fill","hd":false},{"ty":"tr","p":{"a":0,"k":[473.505,507.976],"ix":2},"a":{"a":0,"k":[0,0],"ix":1},"s":{"a":0,"k":[100,100],"ix":3},"r":{"a":0,"k":0,"ix":6},"o":{"a":0,"k":100,"ix":7},"sk":{"a":0,"k":0,"ix":4},"sa":{"a":0,"k":0,"ix":5},"nm":"Transform"}],"nm":"Group 2","np":2,"cix":2,"bm":0,"ix":2,"mn":"ADBE Vector Group","hd":false},{"ty":"gr","it":[{"ind":0,"ty":"sh","ix":1,"ks":{"a":0,"k":{"i":[[0,0],[0,0],[0,0],[0,0]],"o":[[0,0],[0,0],[0,0],[0,0]],"v":[[42.077,-16.612],[-17.238,-42.074],[-42.077,9.82],[22.108,42.074]],"c":true},"ix":2},"nm":"Path 1","mn":"ADBE Vector Shape - Group","hd":false},{"ty":"fl","c":{"a":0,"k":[0.556862745098,0.705882352941,0.996078491211,1],"ix":4},"o":{"a":0,"k":100,"ix":5},"r":1,"bm":0,"nm":"Fill 1","mn":"ADBE Vector Graphic - Fill","hd":false},{"ty":"tr","p":{"a":0,"k":[439.747,495.245],"ix":2},"a":{"a":0,"k":[0,0],"ix":1},"s":{"a":0,"k":[100,100],"ix":3},"r":{"a":0,"k":0,"ix":6},"o":{"a":0,"k":100,"ix":7},"sk":{"a":0,"k":0,"ix":4},"sa":{"a":0,"k":0,"ix":5},"nm":"Transform"}],"nm":"Group 3","np":2,"cix":2,"bm":0,"ix":3,"mn":"ADBE Vector Group","hd":false}],"ip":0,"op":300,"st":0,"bm":0},{"ddd":0,"ind":4,"ty":4,"nm":"Head","parent":6,"sr":1,"ks":{"o":{"a":0,"k":100,"ix":11},"r":{"a":1,"k":[{"i":{"x":[0.667],"y":[1]},"o":{"x":[0.333],"y":[0]},"t":0,"s":[0]},{"i":{"x":[0.667],"y":[1]},"o":{"x":[0.333],"y":[0]},"t":15,"s":[10]},{"i":{"x":[0.667],"y":[1]},"o":{"x":[0.333],"y":[0]},"t":30,"s":[0]},{"i":{"x":[0.667],"y":[1]},"o":{"x":[0.333],"y":[0]},"t":45,"s":[10]},{"i":{"x":[0.667],"y":[1]},"o":{"x":[0.333],"y":[0]},"t":60,"s":[0]},{"i":{"x":[0.667],"y":[1]},"o":{"x":[0.333],"y":[0]},"t":90,"s":[10]},{"i":{"x":[0.667],"y":[1]},"o":{"x":[0.333],"y":[0]},"t":105,"s":[10]},{"i":{"x":[0.667],"y":[1]},"o":{"x":[0.333],"y":[0]},"t":120,"s":[0]},{"i":{"x":[0.667],"y":[1]},"o":{"x":[0.333],"y":[0]},"t":135,"s":[10]},{"i":{"x":[0.667],"y":[1]},"o":{"x":[0.333],"y":[0]},"t":150,"s":[0]},{"i":{"x":[0.667],"y":[1]},"o":{"x":[0.333],"y":[0]},"t":180,"s":[10]},{"i":{"x":[0.667],"y":[1]},"o":{"x":[0.333],"y":[0]},"t":195,"s":[10]},{"i":{"x":[0.667],"y":[1]},"o":{"x":[0.333],"y":[0]},"t":210,"s":[0]},{"i":{"x":[0.667],"y":[1]},"o":{"x":[0.333],"y":[0]},"t":225,"s":[10]},{"i":{"x":[0.667],"y":[1]},"o":{"x":[0.167],"y":[0]},"t":240,"s":[0]},{"i":{"x":[0.667],"y":[1]},"o":{"x":[0.333],"y":[0]},"t":255,"s":[10]},{"t":285,"s":[0]}],"ix":10},"p":{"a":0,"k":[529.112,323.08,0],"ix":2},"a":{"a":0,"k":[529.112,323.08,0],"ix":1},"s":{"a":0,"k":[100,100,100],"ix":6}},"ao":0,"shapes":[{"ty":"gr","it":[{"ind":0,"ty":"sh","ix":1,"ks":{"a":0,"k":{"i":[[0,0],[5.195,-6.026],[8.311,-0.831],[0.624,10.936],[5.195,2.077],[4.571,5.818],[-3.117,-8.935],[3.117,-0.494],[-2.286,-4.363],[8.245,-1.827],[2.702,4.156],[-1.663,5.611],[4.156,2.286],[-11.22,6.234],[0.831,4.572],[-5.611,1.247],[-1.663,3.74],[-1.396,-5.818],[-5.455,3.74],[0,0],[3.116,-4.572],[5.404,-0.633]],"o":[[0,0],[-5.194,6.026],[-8.312,0.831],[-0.623,-10.935],[-5.195,-2.078],[-4.572,-5.819],[3.117,8.936],[-3.117,0.493],[2.285,4.364],[-8.244,1.827],[-2.701,-4.156],[1.662,-5.61],[-4.156,-2.285],[11.222,-6.234],[-0.831,-4.572],[5.61,-1.246],[1.662,-3.741],[1.398,5.818],[5.455,-3.74],[0,0],[-3.117,4.571],[-5.402,0.634]],"v":[[30.665,-10.885],[34.879,1.874],[32.304,16.338],[19.8,12.174],[11.636,-0.831],[-6.442,0],[-16.416,3.116],[-16.416,16.338],[-12.052,24.519],[-17.092,32.229],[-25.975,31.169],[-29.299,14.753],[-30.962,7.48],[-33.248,-6.442],[-21.819,-16.208],[-15.377,-24.728],[-2.286,-27.013],[13.771,-29.507],[21.974,-22.442],[29.506,-26.39],[34.078,-19.948],[39.064,-12.686]],"c":true},"ix":2},"nm":"Path 1","mn":"ADBE Vector Shape - Group","hd":false},{"ty":"fl","c":{"a":0,"k":[0.207843152214,0.176470588235,0.250980392157,1],"ix":4},"o":{"a":0,"k":100,"ix":5},"r":1,"bm":0,"nm":"Fill 1","mn":"ADBE Vector Graphic - Fill","hd":false},{"ty":"tr","p":{"a":0,"k":[528.222,277.719],"ix":2},"a":{"a":0,"k":[0,0],"ix":1},"s":{"a":0,"k":[100,100],"ix":3},"r":{"a":0,"k":0,"ix":6},"o":{"a":0,"k":100,"ix":7},"sk":{"a":0,"k":0,"ix":4},"sa":{"a":0,"k":0,"ix":5},"nm":"Transform"}],"nm":"Group 1","np":2,"cix":2,"bm":0,"ix":1,"mn":"ADBE Vector Group","hd":false},{"ty":"gr","it":[{"ind":0,"ty":"sh","ix":1,"ks":{"a":0,"k":{"i":[[-7.272,-27.013],[4.572,-6.649],[9.974,6.857],[-1.246,16.831]],"o":[[0,0],[-4.571,6.65],[-9.974,-6.857],[1.247,-16.831]],"v":[[21.818,-9.974],[19.532,24.935],[-4.572,30.13],[-22.858,-4.987]],"c":true},"ix":2},"nm":"Path 1","mn":"ADBE Vector Shape - Group","hd":false},{"ty":"fl","c":{"a":0,"k":[1,0.686274509804,0.501960784314,1],"ix":4},"o":{"a":0,"k":100,"ix":5},"r":1,"bm":0,"nm":"Fill 1","mn":"ADBE Vector Graphic - Fill","hd":false},{"ty":"tr","p":{"a":0,"k":[527.806,289.77],"ix":2},"a":{"a":0,"k":[0,0],"ix":1},"s":{"a":0,"k":[100,100],"ix":3},"r":{"a":0,"k":0,"ix":6},"o":{"a":0,"k":100,"ix":7},"sk":{"a":0,"k":0,"ix":4},"sa":{"a":0,"k":0,"ix":5},"nm":"Transform"}],"nm":"Group 2","np":2,"cix":2,"bm":0,"ix":2,"mn":"ADBE Vector Group","hd":false}],"ip":0,"op":300,"st":0,"bm":0},{"ddd":0,"ind":5,"ty":4,"nm":"Stethoscope 02","parent":7,"sr":1,"ks":{"o":{"a":0,"k":100,"ix":11},"r":{"a":0,"k":0,"ix":10},"p":{"a":0,"k":[515.479,326.144,0],"ix":2},"a":{"a":0,"k":[515.479,326.144,0],"ix":1},"s":{"a":0,"k":[100,100,100],"ix":6}},"ao":0,"shapes":[{"ty":"gr","it":[{"ind":0,"ty":"sh","ix":1,"ks":{"a":0,"k":{"i":[[0,-1.585],[1.586,0],[0,1.585],[-1.585,0]],"o":[[0,1.585],[-1.585,0],[0,-1.585],[1.586,0]],"v":[[2.87,0],[-0.001,2.87],[-2.87,0],[-0.001,-2.87]],"c":true},"ix":2},"nm":"Path 1","mn":"ADBE Vector Shape - Group","hd":false},{"ty":"fl","c":{"a":0,"k":[0.235294132607,0.215686289469,0.270588235294,1],"ix":4},"o":{"a":0,"k":100,"ix":5},"r":1,"bm":0,"nm":"Fill 1","mn":"ADBE Vector Graphic - Fill","hd":false},{"ty":"tr","p":{"a":0,"k":[548.832,411.598],"ix":2},"a":{"a":0,"k":[0,0],"ix":1},"s":{"a":0,"k":[100,100],"ix":3},"r":{"a":0,"k":0,"ix":6},"o":{"a":0,"k":100,"ix":7},"sk":{"a":0,"k":0,"ix":4},"sa":{"a":0,"k":0,"ix":5},"nm":"Transform"}],"nm":"Group 1","np":2,"cix":2,"bm":0,"ix":1,"mn":"ADBE Vector Group","hd":false},{"ty":"gr","it":[{"ind":0,"ty":"sh","ix":1,"ks":{"a":0,"k":{"i":[[0,-1.582],[1.582,0],[0,1.582],[-1.581,0]],"o":[[0,1.582],[-1.581,0],[0,-1.582],[1.582,0]],"v":[[2.864,-0.001],[0,2.863],[-2.864,-0.001],[0,-2.863]],"c":true},"ix":2},"nm":"Path 1","mn":"ADBE Vector Shape - Group","hd":false},{"ty":"fl","c":{"a":0,"k":[0.235294132607,0.215686289469,0.270588235294,1],"ix":4},"o":{"a":0,"k":100,"ix":5},"r":1,"bm":0,"nm":"Fill 1","mn":"ADBE Vector Graphic - Fill","hd":false},{"ty":"tr","p":{"a":0,"k":[516.675,415.062],"ix":2},"a":{"a":0,"k":[0,0],"ix":1},"s":{"a":0,"k":[100,100],"ix":3},"r":{"a":0,"k":0,"ix":6},"o":{"a":0,"k":100,"ix":7},"sk":{"a":0,"k":0,"ix":4},"sa":{"a":0,"k":0,"ix":5},"nm":"Transform"}],"nm":"Group 2","np":2,"cix":2,"bm":0,"ix":2,"mn":"ADBE Vector Group","hd":false},{"ty":"gr","it":[{"ind":0,"ty":"sh","ix":1,"ks":{"a":0,"k":{"i":[[0,0],[-20.682,8.714],[-5.851,-33.056]],"o":[[0,0],[19.791,-8.339],[0,0]],"v":[[-6.623,26.465],[-4.596,-18.126],[25.277,22.321]],"c":false},"ix":2},"nm":"Path 1","mn":"ADBE Vector Shape - Group","hd":false},{"ty":"st","c":{"a":0,"k":[0.235294132607,0.215686289469,0.270588235294,1],"ix":3},"o":{"a":0,"k":100,"ix":4},"w":{"a":0,"k":2,"ix":5},"lc":1,"lj":1,"ml":10,"bm":0,"nm":"Stroke 1","mn":"ADBE Vector Graphic - Stroke","hd":false},{"ty":"tr","p":{"a":0,"k":[523.348,388.125],"ix":2},"a":{"a":0,"k":[0,0],"ix":1},"s":{"a":0,"k":[100,100],"ix":3},"r":{"a":0,"k":0,"ix":6},"o":{"a":0,"k":100,"ix":7},"sk":{"a":0,"k":0,"ix":4},"sa":{"a":0,"k":0,"ix":5},"nm":"Transform"}],"nm":"Group 3","np":2,"cix":2,"bm":0,"ix":3,"mn":"ADBE Vector Group","hd":false},{"ty":"gr","it":[{"ind":0,"ty":"sh","ix":1,"ks":{"a":0,"k":{"i":[[0,0],[-9.414,-16.981],[0,0]],"o":[[0,0],[8.121,14.649],[0,0]],"v":[[9.056,-21.905],[-3.512,0.441],[12.926,21.905]],"c":false},"ix":2},"nm":"Path 1","mn":"ADBE Vector Shape - Group","hd":false},{"ty":"st","c":{"a":0,"k":[0.235294132607,0.215686289469,0.270588235294,1],"ix":3},"o":{"a":0,"k":100,"ix":4},"w":{"a":0,"k":2,"ix":5},"lc":1,"lj":1,"ml":10,"bm":0,"nm":"Stroke 1","mn":"ADBE Vector Graphic - Stroke","hd":false},{"ty":"tr","p":{"a":0,"k":[506.613,347.798],"ix":2},"a":{"a":0,"k":[0,0],"ix":1},"s":{"a":0,"k":[100,100],"ix":3},"r":{"a":0,"k":0,"ix":6},"o":{"a":0,"k":100,"ix":7},"sk":{"a":0,"k":0,"ix":4},"sa":{"a":0,"k":0,"ix":5},"nm":"Transform"}],"nm":"Group 4","np":2,"cix":2,"bm":0,"ix":4,"mn":"ADBE Vector Group","hd":false}],"ip":0,"op":300,"st":0,"bm":0},{"ddd":0,"ind":6,"ty":4,"nm":"Neck","parent":9,"sr":1,"ks":{"o":{"a":0,"k":100,"ix":11},"r":{"a":0,"k":0,"ix":10},"p":{"a":0,"k":[535.372,355.256,0],"ix":2},"a":{"a":0,"k":[535.372,355.256,0],"ix":1},"s":{"a":0,"k":[100,100,100],"ix":6}},"ao":0,"shapes":[{"ty":"gr","it":[{"ind":0,"ty":"sh","ix":1,"ks":{"a":0,"k":{"i":[[0,0],[0,0],[5.611,5.053],[0,0],[-13.624,6.442]],"o":[[0,0],[-7.465,-1.775],[0,0],[0,0],[13.625,-6.441]],"v":[[-1.884,-5.916],[-1.367,-13.047],[-21.485,-23.383],[-24.949,-6.954],[11.324,16.942]],"c":true},"ix":2},"nm":"Path 1","mn":"ADBE Vector Shape - Group","hd":false},{"ty":"fl","c":{"a":0,"k":[1,0.686274509804,0.501960784314,1],"ix":4},"o":{"a":0,"k":100,"ix":5},"r":1,"bm":0,"nm":"Fill 1","mn":"ADBE Vector Graphic - Fill","hd":false},{"ty":"tr","p":{"a":0,"k":[536.755,351.167],"ix":2},"a":{"a":0,"k":[0,0],"ix":1},"s":{"a":0,"k":[100,100],"ix":3},"r":{"a":0,"k":0,"ix":6},"o":{"a":0,"k":100,"ix":7},"sk":{"a":0,"k":0,"ix":4},"sa":{"a":0,"k":0,"ix":5},"nm":"Transform"}],"nm":"Group 1","np":2,"cix":2,"bm":0,"ix":1,"mn":"ADBE Vector Group","hd":false},{"ty":"gr","it":[{"ind":0,"ty":"sh","ix":1,"ks":{"a":0,"k":{"i":[[0,0],[0,0],[0,0],[-7.465,-1.774]],"o":[[0,0],[0,0],[5.611,5.053],[0,0]],"v":[[10.839,-9.318],[-7.863,-12.227],[-10.84,1.891],[9.278,12.227]],"c":true},"ix":2},"nm":"Path 1","mn":"ADBE Vector Shape - Group","hd":false},{"ty":"fl","c":{"a":0,"k":[0.921568687289,0.635294117647,0.490196108351,1],"ix":4},"o":{"a":0,"k":100,"ix":5},"r":1,"bm":0,"nm":"Fill 1","mn":"ADBE Vector Graphic - Fill","hd":false},{"ty":"tr","p":{"a":0,"k":[526.109,325.893],"ix":2},"a":{"a":0,"k":[0,0],"ix":1},"s":{"a":0,"k":[100,100],"ix":3},"r":{"a":0,"k":0,"ix":6},"o":{"a":0,"k":100,"ix":7},"sk":{"a":0,"k":0,"ix":4},"sa":{"a":0,"k":0,"ix":5},"nm":"Transform"}],"nm":"Group 2","np":2,"cix":2,"bm":0,"ix":2,"mn":"ADBE Vector Group","hd":false}],"ip":0,"op":300,"st":0,"bm":0},{"ddd":0,"ind":7,"ty":4,"nm":"Stethoscope 01","parent":6,"sr":1,"ks":{"o":{"a":0,"k":100,"ix":11},"r":{"a":1,"k":[{"i":{"x":[0.667],"y":[1]},"o":{"x":[0.333],"y":[0]},"t":0,"s":[0]},{"i":{"x":[0.667],"y":[1]},"o":{"x":[0.333],"y":[0]},"t":60,"s":[-10]},{"i":{"x":[0.667],"y":[1]},"o":{"x":[0.333],"y":[0]},"t":120,"s":[0]},{"i":{"x":[0.667],"y":[1]},"o":{"x":[0.167],"y":[0]},"t":180,"s":[-10]},{"i":{"x":[0.667],"y":[1]},"o":{"x":[0.333],"y":[0]},"t":240,"s":[-10]},{"t":300,"s":[0]}],"ix":10},"p":{"a":0,"k":[526.148,326.952,0],"ix":2},"a":{"a":0,"k":[526.148,326.952,0],"ix":1},"s":{"a":0,"k":[100,100,100],"ix":6}},"ao":0,"shapes":[{"ty":"gr","it":[{"ind":0,"ty":"sh","ix":1,"ks":{"a":0,"k":{"i":[[0,2.408],[2.408,0],[0,-2.408],[-2.408,0]],"o":[[0,-2.408],[-2.408,0],[0,2.408],[2.408,0]],"v":[[4.36,0],[0.001,-4.359],[-4.359,0],[0.001,4.359]],"c":true},"ix":2},"nm":"Path 1","mn":"ADBE Vector Shape - Group","hd":false},{"ty":"fl","c":{"a":0,"k":[0.235294132607,0.215686289469,0.270588235294,1],"ix":4},"o":{"a":0,"k":100,"ix":5},"r":1,"bm":0,"nm":"Fill 1","mn":"ADBE Vector Graphic - Fill","hd":false},{"ty":"tr","p":{"a":0,"k":[562.009,394.922],"ix":2},"a":{"a":0,"k":[0,0],"ix":1},"s":{"a":0,"k":[100,100],"ix":3},"r":{"a":0,"k":0,"ix":6},"o":{"a":0,"k":100,"ix":7},"sk":{"a":0,"k":0,"ix":4},"sa":{"a":0,"k":0,"ix":5},"nm":"Transform"}],"nm":"Group 1","np":2,"cix":2,"bm":0,"ix":1,"mn":"ADBE Vector Group","hd":false},{"ty":"gr","it":[{"ind":0,"ty":"sh","ix":1,"ks":{"a":0,"k":{"i":[[0,4.059],[4.06,0],[0,-4.059],[-4.058,0]],"o":[[0,-4.059],[-4.058,0],[0,4.059],[4.06,0]],"v":[[7.35,0],[-0.001,-7.35],[-7.35,0],[-0.001,7.35]],"c":true},"ix":2},"nm":"Path 1","mn":"ADBE Vector Shape - Group","hd":false},{"ty":"fl","c":{"a":0,"k":[0.768627510819,0.701960784314,0.878431432387,1],"ix":4},"o":{"a":0,"k":100,"ix":5},"r":1,"bm":0,"nm":"Fill 1","mn":"ADBE Vector Graphic - Fill","hd":false},{"ty":"tr","p":{"a":0,"k":[562.009,394.922],"ix":2},"a":{"a":0,"k":[0,0],"ix":1},"s":{"a":0,"k":[100,100],"ix":3},"r":{"a":0,"k":0,"ix":6},"o":{"a":0,"k":100,"ix":7},"sk":{"a":0,"k":0,"ix":4},"sa":{"a":0,"k":0,"ix":5},"nm":"Transform"}],"nm":"Group 2","np":2,"cix":2,"bm":0,"ix":2,"mn":"ADBE Vector Group","hd":false},{"ty":"gr","it":[{"ind":0,"ty":"sh","ix":1,"ks":{"a":0,"k":{"i":[[0,0],[7.995,-41.926]],"o":[[0,0],[0,0]],"v":[[-18.19,-31.017],[10.195,31.017]],"c":false},"ix":2},"nm":"Path 1","mn":"ADBE Vector Shape - Group","hd":false},{"ty":"st","c":{"a":0,"k":[0.235294132607,0.215686289469,0.270588235294,1],"ix":3},"o":{"a":0,"k":100,"ix":4},"w":{"a":0,"k":2,"ix":5},"lc":1,"lj":1,"ml":10,"bm":0,"nm":"Stroke 1","mn":"ADBE Vector Graphic - Stroke","hd":false},{"ty":"tr","p":{"a":0,"k":[553.588,358.219],"ix":2},"a":{"a":0,"k":[0,0],"ix":1},"s":{"a":0,"k":[100,100],"ix":3},"r":{"a":0,"k":0,"ix":6},"o":{"a":0,"k":100,"ix":7},"sk":{"a":0,"k":0,"ix":4},"sa":{"a":0,"k":0,"ix":5},"nm":"Transform"}],"nm":"Group 3","np":2,"cix":2,"bm":0,"ix":3,"mn":"ADBE Vector Group","hd":false}],"ip":0,"op":300,"st":0,"bm":0},{"ddd":0,"ind":8,"ty":4,"nm":"Shirt","parent":9,"sr":1,"ks":{"o":{"a":0,"k":100,"ix":11},"r":{"a":1,"k":[{"i":{"x":[0.667],"y":[1]},"o":{"x":[0.333],"y":[0]},"t":0,"s":[0]},{"i":{"x":[0.833],"y":[1]},"o":{"x":[0.333],"y":[0]},"t":45,"s":[2]},{"i":{"x":[0.667],"y":[1]},"o":{"x":[0.167],"y":[0]},"t":105,"s":[-2]},{"i":{"x":[0.667],"y":[1]},"o":{"x":[0.333],"y":[0]},"t":150,"s":[0]},{"i":{"x":[0.833],"y":[1]},"o":{"x":[0.333],"y":[0]},"t":195,"s":[2]},{"i":{"x":[0.667],"y":[1]},"o":{"x":[0.167],"y":[0]},"t":255,"s":[-2]},{"t":300,"s":[0]}],"ix":10},"p":{"a":0,"k":[524.994,330.054,0],"ix":2},"a":{"a":0,"k":[524.994,330.054,0],"ix":1},"s":{"a":0,"k":[100,100,100],"ix":6}},"ao":0,"shapes":[{"ty":"gr","it":[{"ind":0,"ty":"sh","ix":1,"ks":{"a":0,"k":{"i":[[2.456,6.547],[0,-3.684],[0,0],[-7.08,3.308],[11.405,68.433]],"o":[[2.057,29.074],[0,4.71],[0,0],[-12.817,-65.815],[-0.952,-6.668]],"v":[[-13.276,-112.357],[-9.695,-35.754],[1.51,112.357],[13.276,107.227],[-8.908,-91.786]],"c":true},"ix":2},"nm":"Path 1","mn":"ADBE Vector Shape - Group","hd":false},{"ty":"fl","c":{"a":0,"k":[0.749019607843,0.749019607843,0.749019607843,1],"ix":4},"o":{"a":0,"k":100,"ix":5},"r":1,"bm":0,"nm":"Fill 1","mn":"ADBE Vector Graphic - Fill","hd":false},{"ty":"tr","p":{"a":0,"k":[580.514,513.856],"ix":2},"a":{"a":0,"k":[0,0],"ix":1},"s":{"a":0,"k":[100,100],"ix":3},"r":{"a":0,"k":0,"ix":6},"o":{"a":0,"k":100,"ix":7},"sk":{"a":0,"k":0,"ix":4},"sa":{"a":0,"k":0,"ix":5},"nm":"Transform"}],"nm":"Group 1","np":2,"cix":2,"bm":0,"ix":1,"mn":"ADBE Vector Group","hd":false},{"ty":"gr","it":[{"ind":0,"ty":"sh","ix":1,"ks":{"a":0,"k":{"i":[[8.745,64.792],[0.226,-1.257],[24.381,-43.221],[2.749,-6.048]],"o":[[-0.666,1.237],[-2.495,13.853],[-3.26,5.779],[47.119,-48.181]],"v":[[11.738,-95.006],[10.379,-91.26],[-14.557,77.191],[-23.56,95.006]],"c":true},"ix":2},"nm":"Path 1","mn":"ADBE Vector Shape - Group","hd":false},{"ty":"fl","c":{"a":0,"k":[0.749019607843,0.749019607843,0.749019607843,1],"ix":4},"o":{"a":0,"k":100,"ix":5},"r":1,"bm":0,"nm":"Fill 1","mn":"ADBE Vector Graphic - Fill","hd":false},{"ty":"tr","p":{"a":0,"k":[470.259,443.023],"ix":2},"a":{"a":0,"k":[0,0],"ix":1},"s":{"a":0,"k":[100,100],"ix":3},"r":{"a":0,"k":0,"ix":6},"o":{"a":0,"k":100,"ix":7},"sk":{"a":0,"k":0,"ix":4},"sa":{"a":0,"k":0,"ix":5},"nm":"Transform"}],"nm":"Group 2","np":2,"cix":2,"bm":0,"ix":2,"mn":"ADBE Vector Group","hd":false},{"ty":"gr","it":[{"ind":0,"ty":"sh","ix":1,"ks":{"a":0,"k":{"i":[[7.896,27.844],[10.805,7.48],[19.394,1.385],[6.675,-12.399],[0.226,-1.257],[24.381,-43.221],[2.749,-6.048],[-2.401,-4.321],[-14.961,-4.987],[-7.386,6.681],[14.913,68.951],[-5.533,3.884],[-13.022,-5.403],[-2.908,-21.196],[-0.573,-8.101],[0,-3.684],[0,0],[-7.08,3.308],[-9.68,23.897]],"o":[[-7.896,-27.844],[-10.806,-7.481],[-17.635,-1.259],[-0.666,1.237],[-2.495,13.853],[-3.26,5.779],[-17.81,39.185],[2.77,4.987],[10.528,-3.325],[5.309,-12.956],[-7.129,-32.964],[5.533,-3.884],[0,0],[0.635,4.618],[2.057,29.074],[0,4.71],[0,0],[18.936,-8.846],[13.298,-32.831]],"v":[[53.149,-15.717],[20.318,-134.99],[-13.206,-150.506],[-64.765,-128.485],[-66.124,-124.739],[-91.06,43.712],[-100.062,61.527],[-122.644,146.778],[-55.042,137.912],[-37.197,38.171],[-19.681,-90.625],[-49.224,-134.937],[-5.449,-139.562],[18.655,-94.678],[20.476,-75.003],[24.058,1.599],[35.263,149.71],[47.029,144.581],[111.747,92.336]],"c":true},"ix":2},"nm":"Path 1","mn":"ADBE Vector Shape - Group","hd":false},{"ty":"fl","c":{"a":0,"k":[0.960784373564,0.960784373564,0.960784373564,1],"ix":4},"o":{"a":0,"k":100,"ix":5},"r":1,"bm":0,"nm":"Fill 1","mn":"ADBE Vector Graphic - Fill","hd":false},{"ty":"tr","p":{"a":0,"k":[546.761,476.502],"ix":2},"a":{"a":0,"k":[0,0],"ix":1},"s":{"a":0,"k":[100,100],"ix":3},"r":{"a":0,"k":0,"ix":6},"o":{"a":0,"k":100,"ix":7},"sk":{"a":0,"k":0,"ix":4},"sa":{"a":0,"k":0,"ix":5},"nm":"Transform"}],"nm":"Group 3","np":2,"cix":2,"bm":0,"ix":3,"mn":"ADBE Vector Group","hd":false}],"ip":0,"op":300,"st":0,"bm":0},{"ddd":0,"ind":9,"ty":4,"nm":"Body","sr":1,"ks":{"o":{"a":0,"k":100,"ix":11},"r":{"a":1,"k":[{"i":{"x":[0.43],"y":[1]},"o":{"x":[0.57],"y":[0]},"t":0,"s":[0]},{"i":{"x":[0.833],"y":[1]},"o":{"x":[0.57],"y":[0]},"t":30,"s":[5]},{"i":{"x":[0.43],"y":[1]},"o":{"x":[0.167],"y":[0]},"t":45,"s":[3]},{"i":{"x":[0.833],"y":[1]},"o":{"x":[0.57],"y":[0]},"t":60,"s":[5]},{"i":{"x":[0.833],"y":[1]},"o":{"x":[0.167],"y":[0]},"t":90,"s":[0]},{"i":{"x":[0.43],"y":[1]},"o":{"x":[0.167],"y":[0]},"t":105,"s":[3]},{"i":{"x":[0.43],"y":[1]},"o":{"x":[0.57],"y":[0]},"t":120,"s":[5]},{"i":{"x":[0.43],"y":[1]},"o":{"x":[0.57],"y":[0]},"t":150,"s":[0]},{"i":{"x":[0.833],"y":[1]},"o":{"x":[0.57],"y":[0]},"t":180,"s":[5]},{"i":{"x":[0.43],"y":[1]},"o":{"x":[0.167],"y":[0]},"t":195,"s":[3]},{"i":{"x":[0.833],"y":[1]},"o":{"x":[0.57],"y":[0]},"t":210,"s":[5]},{"i":{"x":[0.833],"y":[1]},"o":{"x":[0.167],"y":[0]},"t":240,"s":[0]},{"i":{"x":[0.43],"y":[1]},"o":{"x":[0.167],"y":[0]},"t":255,"s":[3]},{"i":{"x":[0.43],"y":[1]},"o":{"x":[0.57],"y":[0]},"t":270,"s":[5]},{"t":300,"s":[0]}],"ix":10},"p":{"a":1,"k":[{"i":{"x":0.667,"y":1},"o":{"x":0.333,"y":0},"t":0,"s":[252.023,325.716,0],"to":[0,0.833,0],"ti":[0,-0.833,0]},{"i":{"x":0.667,"y":0.667},"o":{"x":0.333,"y":0.333},"t":30,"s":[252.023,330.716,0],"to":[0,0,0],"ti":[0,0,0]},{"i":{"x":0.667,"y":1},"o":{"x":0.333,"y":0},"t":60,"s":[252.023,330.716,0],"to":[0,-0.833,0],"ti":[0,0,0]},{"i":{"x":0.667,"y":1},"o":{"x":0.333,"y":0},"t":90,"s":[252.023,325.716,0],"to":[0,0,0],"ti":[0,0,0]},{"i":{"x":0.667,"y":1},"o":{"x":0.333,"y":0},"t":120,"s":[252.023,330.716,0],"to":[0,0,0],"ti":[0,0,0]},{"i":{"x":0.667,"y":1},"o":{"x":0.333,"y":0},"t":150,"s":[252.023,325.716,0],"to":[0,0,0],"ti":[0,-0.833,0]},{"i":{"x":0.667,"y":0.667},"o":{"x":0.333,"y":0.333},"t":180,"s":[252.023,330.716,0],"to":[0,0,0],"ti":[0,0,0]},{"i":{"x":0.667,"y":1},"o":{"x":0.333,"y":0},"t":210,"s":[252.023,330.716,0],"to":[0,-0.833,0],"ti":[0,0,0]},{"i":{"x":0.667,"y":1},"o":{"x":0.333,"y":0},"t":240,"s":[252.023,325.716,0],"to":[0,0,0],"ti":[0,0,0]},{"i":{"x":0.667,"y":1},"o":{"x":0.333,"y":0},"t":270,"s":[252.023,330.716,0],"to":[0,0,0],"ti":[0,0.833,0]},{"t":300,"s":[252.023,325.716,0]}],"ix":2},"a":{"a":0,"k":[530.523,501.716,0],"ix":1},"s":{"a":0,"k":[100,100,100],"ix":6}},"ao":0,"shapes":[{"ty":"gr","it":[{"ind":0,"ty":"sh","ix":1,"ks":{"a":0,"k":{"i":[[0,0],[0,-21.61],[-1.108,-6.095],[-6.096,9.42],[4.434,11.082],[16.624,3.878]],"o":[[0,0],[0,21.611],[1.108,6.095],[6.095,-9.42],[-4.432,-11.083],[-16.623,-3.879]],"v":[[-13.576,-87.274],[-49.039,-52.364],[-45.715,78.962],[42.944,78.962],[36.848,-45.715],[13.021,-84.502]],"c":true},"ix":2},"nm":"Path 1","mn":"ADBE Vector Shape - Group","hd":false},{"ty":"fl","c":{"a":0,"k":[0.188235309077,0.505882352941,0.996078491211,1],"ix":4},"o":{"a":0,"k":100,"ix":5},"r":1,"bm":0,"nm":"Fill 1","mn":"ADBE Vector Graphic - Fill","hd":false},{"ty":"tr","p":{"a":0,"k":[532.447,416.871],"ix":2},"a":{"a":0,"k":[0,0],"ix":1},"s":{"a":0,"k":[100,100],"ix":3},"r":{"a":0,"k":0,"ix":6},"o":{"a":0,"k":100,"ix":7},"sk":{"a":0,"k":0,"ix":4},"sa":{"a":0,"k":0,"ix":5},"nm":"Transform"}],"nm":"Group 1","np":2,"cix":2,"bm":0,"ix":1,"mn":"ADBE Vector Group","hd":false}],"ip":0,"op":300,"st":0,"bm":0},{"ddd":0,"ind":10,"ty":4,"nm":"1_leg_R","sr":1,"ks":{"o":{"a":0,"k":100,"ix":11},"r":{"a":1,"k":[{"i":{"x":[0.45],"y":[1]},"o":{"x":[0.55],"y":[0]},"t":0,"s":[0]},{"i":{"x":[0.45],"y":[1]},"o":{"x":[0.55],"y":[0]},"t":30,"s":[2]},{"i":{"x":[0.45],"y":[1]},"o":{"x":[0.55],"y":[0]},"t":105,"s":[2]},{"i":{"x":[0.45],"y":[1]},"o":{"x":[0.55],"y":[0]},"t":135,"s":[0]},{"i":{"x":[0.45],"y":[1]},"o":{"x":[0.55],"y":[0]},"t":150,"s":[0]},{"i":{"x":[0.45],"y":[1]},"o":{"x":[0.55],"y":[0]},"t":180,"s":[2]},{"i":{"x":[0.45],"y":[1]},"o":{"x":[0.55],"y":[0]},"t":255,"s":[2]},{"i":{"x":[0.45],"y":[1]},"o":{"x":[0.55],"y":[0]},"t":285,"s":[0]},{"t":300,"s":[0]}],"ix":10},"p":{"a":1,"k":[{"i":{"x":0.45,"y":1},"o":{"x":0.55,"y":0},"t":0,"s":[233.552,312.26,0],"to":[0.167,-2,0],"ti":[-0.167,2,0]},{"i":{"x":0.45,"y":0.45},"o":{"x":0.55,"y":0.55},"t":30,"s":[234.552,300.26,0],"to":[0,0,0],"ti":[0,0,0]},{"i":{"x":0.45,"y":1},"o":{"x":0.55,"y":0},"t":105,"s":[234.552,300.26,0],"to":[-0.167,2,0],"ti":[0.167,-2,0]},{"i":{"x":0.45,"y":0.45},"o":{"x":0.55,"y":0.55},"t":135,"s":[233.552,312.26,0],"to":[0,0,0],"ti":[0,0,0]},{"i":{"x":0.45,"y":1},"o":{"x":0.55,"y":0},"t":150,"s":[233.552,312.26,0],"to":[0.167,-2,0],"ti":[-0.167,2,0]},{"i":{"x":0.45,"y":0.45},"o":{"x":0.55,"y":0.55},"t":180,"s":[234.552,300.26,0],"to":[0,0,0],"ti":[0,0,0]},{"i":{"x":0.45,"y":1},"o":{"x":0.55,"y":0},"t":255,"s":[234.552,300.26,0],"to":[-0.167,2,0],"ti":[0.167,-2,0]},{"i":{"x":0.45,"y":0.45},"o":{"x":0.55,"y":0.55},"t":285,"s":[233.552,312.26,0],"to":[0,0,0],"ti":[0,0,0]},{"t":300,"s":[233.552,312.26,0]}],"ix":2},"a":{"a":0,"k":[513.052,476.26,0],"ix":1},"s":{"a":0,"k":[100,100,100],"ix":6}},"ao":0,"shapes":[{"ty":"gr","it":[{"ind":0,"ty":"sh","ix":1,"ks":{"a":0,"k":{"i":[[-3.313,28.859],[0,0],[0,0],[-1.651,-66.108],[0.119,-10.906]],"o":[[7.748,-74.74],[0,0],[0,0],[0.225,8.985],[-1.576,34.816]],"v":[[24.329,84.272],[25.812,-113.131],[-32.077,-107.296],[-23.739,47.246],[-23.606,77.335]],"c":true},"ix":2},"nm":"Path 1","mn":"ADBE Vector Shape - Group","hd":false},{"ty":"fl","c":{"a":0,"k":[0.149019607843,0.20000001496,0.376470618154,1],"ix":4},"o":{"a":0,"k":100,"ix":5},"r":1,"bm":0,"nm":"Fill 1","mn":"ADBE Vector Graphic - Fill","hd":false},{"ty":"tr","p":{"a":0,"k":[514.988,589.391],"ix":2},"a":{"a":0,"k":[0,0],"ix":1},"s":{"a":0,"k":[100,100],"ix":3},"r":{"a":0,"k":0,"ix":6},"o":{"a":0,"k":100,"ix":7},"sk":{"a":0,"k":0,"ix":4},"sa":{"a":0,"k":0,"ix":5},"nm":"Transform"}],"nm":"Group 1","np":2,"cix":2,"bm":0,"ix":1,"mn":"ADBE Vector Group","hd":false}],"ip":0,"op":300,"st":0,"bm":0},{"ddd":0,"ind":11,"ty":4,"nm":"2_leg_R","parent":10,"sr":1,"ks":{"o":{"a":0,"k":100,"ix":11},"r":{"a":1,"k":[{"i":{"x":[0.45],"y":[1]},"o":{"x":[0.55],"y":[0]},"t":0,"s":[-7]},{"i":{"x":[0.45],"y":[1]},"o":{"x":[0.55],"y":[0]},"t":30,"s":[0]},{"i":{"x":[0.45],"y":[1]},"o":{"x":[0.55],"y":[0]},"t":105,"s":[0]},{"i":{"x":[0.45],"y":[1]},"o":{"x":[0.55],"y":[0]},"t":135,"s":[-7]},{"i":{"x":[0.45],"y":[1]},"o":{"x":[0.55],"y":[0]},"t":150,"s":[-7]},{"i":{"x":[0.45],"y":[1]},"o":{"x":[0.55],"y":[0]},"t":180,"s":[0]},{"i":{"x":[0.45],"y":[1]},"o":{"x":[0.55],"y":[0]},"t":255,"s":[0]},{"i":{"x":[0.45],"y":[1]},"o":{"x":[0.55],"y":[0]},"t":285,"s":[-7]},{"t":300,"s":[-7]}],"ix":10},"p":{"a":0,"k":[517.132,659.014,0],"ix":2},"a":{"a":0,"k":[517.132,659.014,0],"ix":1},"s":{"a":0,"k":[100,100,100],"ix":6}},"ao":0,"shapes":[{"ty":"gr","it":[{"ind":0,"ty":"sh","ix":1,"ks":{"a":0,"k":{"i":[[1.854,-29.151],[0,0],[0,0],[-13.29,67.056],[-1.012,9.763]],"o":[[-5.497,68.164],[0,0],[0,0],[1.535,-7.748],[0,-34.741]],"v":[[-21.061,-71.618],[-28.429,95.374],[-15,101.16],[21.447,-39.21],[26.201,-65.281]],"c":true},"ix":2},"nm":"Path 1","mn":"ADBE Vector Shape - Group","hd":false},{"ty":"fl","c":{"a":0,"k":[0.149019607843,0.20000001496,0.376470618154,1],"ix":4},"o":{"a":0,"k":100,"ix":5},"r":1,"bm":0,"nm":"Fill 1","mn":"ADBE Vector Graphic - Fill","hd":false},{"ty":"tr","p":{"a":0,"k":[511.632,738.735],"ix":2},"a":{"a":0,"k":[0,0],"ix":1},"s":{"a":0,"k":[100,100],"ix":3},"r":{"a":0,"k":0,"ix":6},"o":{"a":0,"k":100,"ix":7},"sk":{"a":0,"k":0,"ix":4},"sa":{"a":0,"k":0,"ix":5},"nm":"Transform"}],"nm":"Group 1","np":2,"cix":2,"bm":0,"ix":1,"mn":"ADBE Vector Group","hd":false}],"ip":0,"op":300,"st":0,"bm":0},{"ddd":0,"ind":12,"ty":4,"nm":"Shoe_R","parent":11,"sr":1,"ks":{"o":{"a":0,"k":100,"ix":11},"r":{"a":1,"k":[{"i":{"x":[0.45],"y":[1]},"o":{"x":[0.55],"y":[0]},"t":0,"s":[-14]},{"i":{"x":[0.45],"y":[1]},"o":{"x":[0.55],"y":[0]},"t":30,"s":[0]},{"i":{"x":[0.45],"y":[1]},"o":{"x":[0.55],"y":[0]},"t":105,"s":[0]},{"i":{"x":[0.45],"y":[1]},"o":{"x":[0.55],"y":[0]},"t":135,"s":[-14]},{"i":{"x":[0.45],"y":[1]},"o":{"x":[0.55],"y":[0]},"t":150,"s":[-14]},{"i":{"x":[0.45],"y":[1]},"o":{"x":[0.55],"y":[0]},"t":180,"s":[0]},{"i":{"x":[0.45],"y":[1]},"o":{"x":[0.55],"y":[0]},"t":255,"s":[0]},{"i":{"x":[0.45],"y":[1]},"o":{"x":[0.55],"y":[0]},"t":285,"s":[-14]},{"t":300,"s":[-14]}],"ix":10},"p":{"a":0,"k":[491.899,835.343,0],"ix":2},"a":{"a":0,"k":[491.899,835.343,0],"ix":1},"s":{"a":0,"k":[100,100,100],"ix":6}},"ao":0,"shapes":[{"ty":"gr","it":[{"ind":0,"ty":"sh","ix":1,"ks":{"a":0,"k":{"i":[[0,0],[-0.931,-0.951],[0.102,-1.055],[5.649,1.936],[0,0],[-0.99,2.607],[0,0],[0,0]],"o":[[0,0],[0.931,0.95],[-0.103,1.055],[-5.649,-1.937],[0,0],[0.991,-2.605],[0,0],[0,0]],"v":[[-2.669,-17.643],[6.487,-6.539],[25.073,16.231],[17.077,19.544],[-24.428,-1.456],[-24.186,-7.331],[-19.738,-18.097],[-16.057,-21.479]],"c":true},"ix":2},"nm":"Path 1","mn":"ADBE Vector Shape - Group","hd":false},{"ty":"fl","c":{"a":0,"k":[0.207843152214,0.176470588235,0.250980392157,1],"ix":4},"o":{"a":0,"k":100,"ix":5},"r":1,"bm":0,"nm":"Fill 1","mn":"ADBE Vector Graphic - Fill","hd":false},{"ty":"tr","p":{"a":0,"k":[498.711,855.822],"ix":2},"a":{"a":0,"k":[0,0],"ix":1},"s":{"a":0,"k":[100,100],"ix":3},"r":{"a":0,"k":0,"ix":6},"o":{"a":0,"k":100,"ix":7},"sk":{"a":0,"k":0,"ix":4},"sa":{"a":0,"k":0,"ix":5},"nm":"Transform"}],"nm":"Group 1","np":2,"cix":2,"bm":0,"ix":1,"mn":"ADBE Vector Group","hd":false}],"ip":0,"op":300,"st":0,"bm":0},{"ddd":0,"ind":13,"ty":4,"nm":"1_leg_L","parent":14,"sr":1,"ks":{"o":{"a":0,"k":100,"ix":11},"r":{"a":1,"k":[{"i":{"x":[0.667],"y":[1]},"o":{"x":[0.333],"y":[0]},"t":0,"s":[0]},{"i":{"x":[0.667],"y":[1]},"o":{"x":[0.333],"y":[0]},"t":30,"s":[-7]},{"i":{"x":[0.667],"y":[1]},"o":{"x":[0.333],"y":[0]},"t":90,"s":[-7]},{"i":{"x":[0.667],"y":[1]},"o":{"x":[0.333],"y":[0]},"t":120,"s":[0]},{"i":{"x":[0.667],"y":[1]},"o":{"x":[0.333],"y":[0]},"t":150,"s":[0]},{"i":{"x":[0.667],"y":[1]},"o":{"x":[0.333],"y":[0]},"t":180,"s":[-7]},{"i":{"x":[0.667],"y":[1]},"o":{"x":[0.333],"y":[0]},"t":240,"s":[-7]},{"i":{"x":[0.667],"y":[1]},"o":{"x":[0.333],"y":[0]},"t":270,"s":[0]},{"t":300,"s":[0]}],"ix":10},"p":{"a":0,"k":[572.008,677.472,0],"ix":2},"a":{"a":0,"k":[572.008,677.472,0],"ix":1},"s":{"a":0,"k":[100,100,100],"ix":6}},"ao":0,"shapes":[{"ty":"gr","it":[{"ind":0,"ty":"sh","ix":1,"ks":{"a":0,"k":{"i":[[0,23.064],[0,0],[0,0],[-7.147,-41.411],[-3.947,-30.176]],"o":[[-1.944,-70.099],[0,0],[0,0],[1.701,9.856],[3.934,34.036]],"v":[[34.364,84.321],[22.711,-107.883],[-34.364,-116.194],[-22.174,17.348],[-13.138,82.158]],"c":true},"ix":2},"nm":"Path 1","mn":"ADBE Vector Shape - Group","hd":false},{"ty":"fl","c":{"a":0,"k":[0.117647066303,0.149019607843,0.301960784314,1],"ix":4},"o":{"a":0,"k":100,"ix":5},"r":1,"bm":0,"nm":"Fill 1","mn":"ADBE Vector Graphic - Fill","hd":false},{"ty":"tr","p":{"a":0,"k":[562.008,592.248],"ix":2},"a":{"a":0,"k":[0,0],"ix":1},"s":{"a":0,"k":[100,100],"ix":3},"r":{"a":0,"k":0,"ix":6},"o":{"a":0,"k":100,"ix":7},"sk":{"a":0,"k":0,"ix":4},"sa":{"a":0,"k":0,"ix":5},"nm":"Transform"}],"nm":"Group 1","np":2,"cix":2,"bm":0,"ix":1,"mn":"ADBE Vector Group","hd":false}],"ip":0,"op":300,"st":0,"bm":0},{"ddd":0,"ind":14,"ty":4,"nm":"2_leg_L","sr":1,"ks":{"o":{"a":0,"k":100,"ix":11},"r":{"a":1,"k":[{"i":{"x":[0.667],"y":[1]},"o":{"x":[0.333],"y":[0]},"t":0,"s":[0]},{"i":{"x":[0.667],"y":[1]},"o":{"x":[0.333],"y":[0]},"t":30,"s":[3]},{"i":{"x":[0.667],"y":[1]},"o":{"x":[0.333],"y":[0]},"t":90,"s":[3]},{"i":{"x":[0.667],"y":[1]},"o":{"x":[0.333],"y":[0]},"t":120,"s":[0]},{"i":{"x":[0.667],"y":[1]},"o":{"x":[0.333],"y":[0]},"t":150,"s":[0]},{"i":{"x":[0.667],"y":[1]},"o":{"x":[0.333],"y":[0]},"t":180,"s":[3]},{"i":{"x":[0.667],"y":[1]},"o":{"x":[0.333],"y":[0]},"t":240,"s":[3]},{"i":{"x":[0.667],"y":[1]},"o":{"x":[0.333],"y":[0]},"t":270,"s":[0]},{"t":300,"s":[0]}],"ix":10},"p":{"a":0,"k":[300.257,676.658,0],"ix":2},"a":{"a":0,"k":[578.757,852.658,0],"ix":1},"s":{"a":0,"k":[100,100,100],"ix":6}},"ao":0,"shapes":[{"ty":"gr","it":[{"ind":0,"ty":"sh","ix":1,"ks":{"a":0,"k":{"i":[[-2.082,-24.401],[0,0],[0,0],[-2.77,47.654],[0.425,15.293]],"o":[[9.613,73.49],[0,0],[0,0],[0.496,-8.535],[-1.147,-30.324]],"v":[[-22.949,-74.169],[-0.4,104.833],[12.899,104.833],[24.535,-35.359],[24.552,-74.508]],"c":true},"ix":2},"nm":"Path 1","mn":"ADBE Vector Shape - Group","hd":false},{"ty":"fl","c":{"a":0,"k":[0.117647066303,0.149019607843,0.301960784314,1],"ix":4},"o":{"a":0,"k":100,"ix":5},"r":1,"bm":0,"nm":"Fill 1","mn":"ADBE Vector Graphic - Fill","hd":false},{"ty":"tr","p":{"a":0,"k":[571.819,748.576],"ix":2},"a":{"a":0,"k":[0,0],"ix":1},"s":{"a":0,"k":[100,100],"ix":3},"r":{"a":0,"k":0,"ix":6},"o":{"a":0,"k":100,"ix":7},"sk":{"a":0,"k":0,"ix":4},"sa":{"a":0,"k":0,"ix":5},"nm":"Transform"}],"nm":"Group 1","np":2,"cix":2,"bm":0,"ix":1,"mn":"ADBE Vector Group","hd":false}],"ip":0,"op":300,"st":0,"bm":0},{"ddd":0,"ind":15,"ty":4,"nm":"Shoe_L","sr":1,"ks":{"o":{"a":0,"k":100,"ix":11},"r":{"a":0,"k":0,"ix":10},"p":{"a":0,"k":[319.397,700.403,0],"ix":2},"a":{"a":0,"k":[597.897,876.403,0],"ix":1},"s":{"a":0,"k":[100,100,100],"ix":6}},"ao":0,"shapes":[{"ty":"gr","it":[{"ind":0,"ty":"sh","ix":1,"ks":{"a":0,"k":{"i":[[-3.324,0],[0,0],[6.442,3.325],[0,0],[0,0],[0.208,-1.247],[0,0]],"o":[[0,0],[0,0],[-6.441,-3.325],[0,0],[0,0],[-0.208,1.247],[0,0]],"v":[[-26.494,11.497],[28.363,11.497],[25.039,4.226],[-14.304,-11.497],[-27.602,-11.497],[-31.273,-7.203],[-31.273,7.966]],"c":true},"ix":2},"nm":"Path 1","mn":"ADBE Vector Shape - Group","hd":false},{"ty":"fl","c":{"a":0,"k":[0.207843152214,0.176470588235,0.250980392157,1],"ix":4},"o":{"a":0,"k":100,"ix":5},"r":1,"bm":0,"nm":"Fill 1","mn":"ADBE Vector Graphic - Fill","hd":false},{"ty":"tr","p":{"a":0,"k":[599.021,864.906],"ix":2},"a":{"a":0,"k":[0,0],"ix":1},"s":{"a":0,"k":[100,100],"ix":3},"r":{"a":0,"k":0,"ix":6},"o":{"a":0,"k":100,"ix":7},"sk":{"a":0,"k":0,"ix":4},"sa":{"a":0,"k":0,"ix":5},"nm":"Transform"}],"nm":"Group 1","np":2,"cix":2,"bm":0,"ix":1,"mn":"ADBE Vector Group","hd":false}],"ip":0,"op":300,"st":0,"bm":0},{"ddd":0,"ind":16,"ty":4,"nm":"1_Arm_L","parent":9,"sr":1,"ks":{"o":{"a":0,"k":100,"ix":11},"r":{"a":1,"k":[{"i":{"x":[0.4],"y":[1]},"o":{"x":[0.333],"y":[0]},"t":0,"s":[0]},{"i":{"x":[0.4],"y":[1]},"o":{"x":[0.6],"y":[0]},"t":30,"s":[-60]},{"i":{"x":[0.4],"y":[1]},"o":{"x":[0.6],"y":[0]},"t":60,"s":[-50]},{"i":{"x":[0.4],"y":[1]},"o":{"x":[0.6],"y":[0]},"t":90,"s":[-60]},{"i":{"x":[0.667],"y":[1]},"o":{"x":[0.6],"y":[0]},"t":120,"s":[-50]},{"i":{"x":[0.4],"y":[1]},"o":{"x":[0.333],"y":[0]},"t":150,"s":[0]},{"i":{"x":[0.4],"y":[1]},"o":{"x":[0.6],"y":[0]},"t":180,"s":[-60]},{"i":{"x":[0.4],"y":[1]},"o":{"x":[0.6],"y":[0]},"t":210,"s":[-50]},{"i":{"x":[0.4],"y":[1]},"o":{"x":[0.6],"y":[0]},"t":240,"s":[-60]},{"i":{"x":[0.667],"y":[1]},"o":{"x":[0.6],"y":[0]},"t":270,"s":[-50]},{"t":300,"s":[0]}],"ix":10},"p":{"a":0,"k":[554.129,340.32,0],"ix":2},"a":{"a":0,"k":[563.629,345.82,0],"ix":1},"s":{"a":0,"k":[100,100,100],"ix":6}},"ao":0,"shapes":[{"ty":"gr","it":[{"ind":0,"ty":"sh","ix":1,"ks":{"a":1,"k":[{"i":{"x":0.4,"y":1},"o":{"x":0.333,"y":0},"t":0,"s":[{"i":[[3.217,4.034],[6.077,3.366],[-3.101,-29.03],[-2.633,3.382]],"o":[[0,0],[13.514,25.843],[4.304,-1.752],[4.797,-6.16]],"v":[[-9.179,-32.339],[-24.983,-46.312],[4.462,41.437],[15.686,33.149]],"c":true}]},{"i":{"x":0.4,"y":1},"o":{"x":0.6,"y":0},"t":30,"s":[{"i":[[3.217,4.034],[6.077,3.366],[-28.974,-33.125],[2.546,2.276]],"o":[[0,0],[-2.096,30.51],[3.832,-3.995],[-11.001,-9.836]],"v":[[-9.179,-32.339],[-25.113,-48.26],[10.76,35.706],[21.371,19.173]],"c":true}]},{"i":{"x":0.4,"y":1},"o":{"x":0.6,"y":0},"t":60,"s":[{"i":[[3.217,4.034],[6.077,3.366],[-28.974,-33.125],[2.546,2.276]],"o":[[0,0],[-2.096,30.51],[3.832,-3.995],[-11.001,-9.836]],"v":[[-9.179,-32.339],[-25.113,-48.26],[8.639,37.297],[19.25,20.764]],"c":true}]},{"i":{"x":0.4,"y":1},"o":{"x":0.6,"y":0},"t":90,"s":[{"i":[[3.217,4.034],[6.077,3.366],[-28.974,-33.125],[2.546,2.276]],"o":[[0,0],[-2.096,30.51],[3.832,-3.995],[-11.001,-9.836]],"v":[[-9.179,-32.339],[-25.113,-48.26],[10.76,35.706],[21.371,19.173]],"c":true}]},{"i":{"x":0.833,"y":1},"o":{"x":0.6,"y":0},"t":120,"s":[{"i":[[3.217,4.034],[6.077,3.366],[-28.974,-33.125],[2.546,2.276]],"o":[[0,0],[-2.096,30.51],[3.832,-3.995],[-11.001,-9.836]],"v":[[-9.179,-32.339],[-25.113,-48.26],[8.639,37.297],[19.25,20.764]],"c":true}]},{"i":{"x":0.4,"y":1},"o":{"x":0.333,"y":0},"t":150,"s":[{"i":[[3.217,4.034],[6.077,3.366],[-3.101,-29.03],[-2.633,3.382]],"o":[[0,0],[13.514,25.843],[4.304,-1.752],[4.797,-6.16]],"v":[[-9.179,-32.339],[-24.983,-46.312],[4.462,41.437],[15.686,33.149]],"c":true}]},{"i":{"x":0.4,"y":1},"o":{"x":0.6,"y":0},"t":180,"s":[{"i":[[3.217,4.034],[6.077,3.366],[-28.974,-33.125],[2.546,2.276]],"o":[[0,0],[-2.096,30.51],[3.832,-3.995],[-11.001,-9.836]],"v":[[-9.179,-32.339],[-25.113,-48.26],[10.76,35.706],[21.371,19.173]],"c":true}]},{"i":{"x":0.4,"y":1},"o":{"x":0.6,"y":0},"t":210,"s":[{"i":[[3.217,4.034],[6.077,3.366],[-28.974,-33.125],[2.546,2.276]],"o":[[0,0],[-2.096,30.51],[3.832,-3.995],[-11.001,-9.836]],"v":[[-9.179,-32.339],[-25.113,-48.26],[8.639,37.297],[19.25,20.764]],"c":true}]},{"i":{"x":0.4,"y":1},"o":{"x":0.6,"y":0},"t":240,"s":[{"i":[[3.217,4.034],[6.077,3.366],[-28.974,-33.125],[2.546,2.276]],"o":[[0,0],[-2.096,30.51],[3.832,-3.995],[-11.001,-9.836]],"v":[[-9.179,-32.339],[-25.113,-48.26],[10.76,35.706],[21.371,19.173]],"c":true}]},{"i":{"x":0.833,"y":1},"o":{"x":0.6,"y":0},"t":270,"s":[{"i":[[3.217,4.034],[6.077,3.366],[-28.974,-33.125],[2.546,2.276]],"o":[[0,0],[-2.096,30.51],[3.832,-3.995],[-11.001,-9.836]],"v":[[-9.179,-32.339],[-25.113,-48.26],[8.639,37.297],[19.25,20.764]],"c":true}]},{"t":300,"s":[{"i":[[3.217,4.034],[6.077,3.366],[-3.101,-29.03],[-2.633,3.382]],"o":[[0,0],[13.514,25.843],[4.304,-1.752],[4.797,-6.16]],"v":[[-9.179,-32.339],[-24.983,-46.312],[4.462,41.437],[15.686,33.149]],"c":true}]}],"ix":2},"nm":"Path 1","mn":"ADBE Vector Shape - Group","hd":false},{"ty":"fl","c":{"a":0,"k":[0.992156922583,0.992156922583,0.992156922583,1],"ix":4},"o":{"a":0,"k":100,"ix":5},"r":1,"bm":0,"nm":"Fill 1","mn":"ADBE Vector Graphic - Fill","hd":false},{"ty":"tr","p":{"a":0,"k":[590.822,385.13],"ix":2},"a":{"a":0,"k":[0,0],"ix":1},"s":{"a":0,"k":[100,100],"ix":3},"r":{"a":0,"k":0,"ix":6},"o":{"a":0,"k":100,"ix":7},"sk":{"a":0,"k":0,"ix":4},"sa":{"a":0,"k":0,"ix":5},"nm":"Transform"}],"nm":"Group 1","np":2,"cix":2,"bm":0,"ix":1,"mn":"ADBE Vector Group","hd":false},{"ty":"gr","it":[{"ind":0,"ty":"sh","ix":1,"ks":{"a":1,"k":[{"i":{"x":0.4,"y":1},"o":{"x":0.333,"y":0},"t":0,"s":[{"i":[[3.217,4.034],[6.077,3.366],[-1.395,-21.231],[-5.887,-2.493],[-3.537,1.439],[-2.633,3.382]],"o":[[0,0],[-7.756,-4.295],[1.162,17.695],[2.656,1.124],[4.304,-1.753],[4.797,-6.16]],"v":[[0.601,-30.941],[-15.203,-44.913],[-28.772,-28.001],[4.502,43.647],[14.242,42.835],[25.466,34.548]],"c":true}]},{"i":{"x":0.4,"y":1},"o":{"x":0.6,"y":0},"t":30,"s":[{"i":[[3.217,4.034],[6.077,3.366],[1.403,-21.23],[-5.887,-2.493],[-3.012,2.347],[3.171,2.883]],"o":[[0,0],[-7.756,-4.295],[-1.802,27.272],[2.656,1.124],[4.345,-3.386],[-10.899,-9.908]],"v":[[0.601,-30.941],[-15.333,-46.862],[-29.421,-28.766],[8.997,41.39],[15.798,41.135],[31.151,20.572]],"c":true}]},{"i":{"x":0.4,"y":1},"o":{"x":0.6,"y":0},"t":60,"s":[{"i":[[3.217,4.034],[6.077,3.366],[1.403,-21.23],[-5.887,-2.493],[-3.012,2.347],[3.171,2.883]],"o":[[0,0],[-7.756,-4.295],[-1.802,27.272],[2.656,1.124],[4.345,-3.386],[-10.899,-9.908]],"v":[[0.601,-30.941],[-15.333,-46.862],[-29.421,-28.766],[6.876,42.981],[13.677,42.726],[29.03,22.163]],"c":true}]},{"i":{"x":0.4,"y":1},"o":{"x":0.6,"y":0},"t":90,"s":[{"i":[[3.217,4.034],[6.077,3.366],[1.403,-21.23],[-5.887,-2.493],[-3.012,2.347],[3.171,2.883]],"o":[[0,0],[-7.756,-4.295],[-1.802,27.272],[2.656,1.124],[4.345,-3.386],[-10.899,-9.908]],"v":[[0.601,-30.941],[-15.333,-46.862],[-29.421,-28.766],[8.997,41.39],[15.798,41.135],[31.151,20.572]],"c":true}]},{"i":{"x":0.667,"y":1},"o":{"x":0.6,"y":0},"t":120,"s":[{"i":[[3.217,4.034],[6.077,3.366],[1.403,-21.23],[-5.887,-2.493],[-3.012,2.347],[3.171,2.883]],"o":[[0,0],[-7.756,-4.295],[-1.802,27.272],[2.656,1.124],[4.345,-3.386],[-10.899,-9.908]],"v":[[0.601,-30.941],[-15.333,-46.862],[-29.421,-28.766],[6.876,42.981],[13.677,42.726],[29.03,22.163]],"c":true}]},{"i":{"x":0.4,"y":1},"o":{"x":0.333,"y":0},"t":150,"s":[{"i":[[3.217,4.034],[6.077,3.366],[-1.395,-21.231],[-5.887,-2.493],[-3.537,1.439],[-2.633,3.382]],"o":[[0,0],[-7.756,-4.295],[1.162,17.695],[2.656,1.124],[4.304,-1.753],[4.797,-6.16]],"v":[[0.601,-30.941],[-15.203,-44.913],[-28.772,-28.001],[4.502,43.647],[14.242,42.835],[25.466,34.548]],"c":true}]},{"i":{"x":0.4,"y":1},"o":{"x":0.6,"y":0},"t":180,"s":[{"i":[[3.217,4.034],[6.077,3.366],[1.403,-21.23],[-5.887,-2.493],[-3.012,2.347],[3.171,2.883]],"o":[[0,0],[-7.756,-4.295],[-1.802,27.272],[2.656,1.124],[4.345,-3.386],[-10.899,-9.908]],"v":[[0.601,-30.941],[-15.333,-46.862],[-29.421,-28.766],[8.997,41.39],[15.798,41.135],[31.151,20.572]],"c":true}]},{"i":{"x":0.4,"y":1},"o":{"x":0.6,"y":0},"t":210,"s":[{"i":[[3.217,4.034],[6.077,3.366],[1.403,-21.23],[-5.887,-2.493],[-3.012,2.347],[3.171,2.883]],"o":[[0,0],[-7.756,-4.295],[-1.802,27.272],[2.656,1.124],[4.345,-3.386],[-10.899,-9.908]],"v":[[0.601,-30.941],[-15.333,-46.862],[-29.421,-28.766],[6.876,42.981],[13.677,42.726],[29.03,22.163]],"c":true}]},{"i":{"x":0.4,"y":1},"o":{"x":0.6,"y":0},"t":240,"s":[{"i":[[3.217,4.034],[6.077,3.366],[1.403,-21.23],[-5.887,-2.493],[-3.012,2.347],[3.171,2.883]],"o":[[0,0],[-7.756,-4.295],[-1.802,27.272],[2.656,1.124],[4.345,-3.386],[-10.899,-9.908]],"v":[[0.601,-30.941],[-15.333,-46.862],[-29.421,-28.766],[8.997,41.39],[15.798,41.135],[31.151,20.572]],"c":true}]},{"i":{"x":0.667,"y":1},"o":{"x":0.6,"y":0},"t":270,"s":[{"i":[[3.217,4.034],[6.077,3.366],[1.403,-21.23],[-5.887,-2.493],[-3.012,2.347],[3.171,2.883]],"o":[[0,0],[-7.756,-4.295],[-1.802,27.272],[2.656,1.124],[4.345,-3.386],[-10.899,-9.908]],"v":[[0.601,-30.941],[-15.333,-46.862],[-29.421,-28.766],[6.876,42.981],[13.677,42.726],[29.03,22.163]],"c":true}]},{"t":300,"s":[{"i":[[3.217,4.034],[6.077,3.366],[-1.395,-21.231],[-5.887,-2.493],[-3.537,1.439],[-2.633,3.382]],"o":[[0,0],[-7.756,-4.295],[1.162,17.695],[2.656,1.124],[4.304,-1.753],[4.797,-6.16]],"v":[[0.601,-30.941],[-15.203,-44.913],[-28.772,-28.001],[4.502,43.647],[14.242,42.835],[25.466,34.548]],"c":true}]}],"ix":2},"nm":"Path 1","mn":"ADBE Vector Shape - Group","hd":false},{"ty":"fl","c":{"a":0,"k":[0.800000059838,0.800000059838,0.800000059838,1],"ix":4},"o":{"a":0,"k":100,"ix":5},"r":1,"bm":0,"nm":"Fill 1","mn":"ADBE Vector Graphic - Fill","hd":false},{"ty":"tr","p":{"a":0,"k":[581.042,383.732],"ix":2},"a":{"a":0,"k":[0,0],"ix":1},"s":{"a":0,"k":[100,100],"ix":3},"r":{"a":0,"k":0,"ix":6},"o":{"a":0,"k":100,"ix":7},"sk":{"a":0,"k":0,"ix":4},"sa":{"a":0,"k":0,"ix":5},"nm":"Transform"}],"nm":"Group 2","np":2,"cix":2,"bm":0,"ix":2,"mn":"ADBE Vector Group","hd":false}],"ip":0,"op":300,"st":0,"bm":0},{"ddd":0,"ind":17,"ty":4,"nm":"2_Arm_L","parent":16,"sr":1,"ks":{"o":{"a":0,"k":100,"ix":11},"r":{"a":1,"k":[{"i":{"x":[0.4],"y":[1]},"o":{"x":[0.333],"y":[0]},"t":0,"s":[0]},{"i":{"x":[0.4],"y":[1]},"o":{"x":[0.6],"y":[0]},"t":30,"s":[-60]},{"i":{"x":[0.4],"y":[1]},"o":{"x":[0.6],"y":[0]},"t":60,"s":[-24]},{"i":{"x":[0.4],"y":[1]},"o":{"x":[0.6],"y":[0]},"t":90,"s":[-60]},{"i":{"x":[0.667],"y":[1]},"o":{"x":[0.6],"y":[0]},"t":120,"s":[-24]},{"i":{"x":[0.4],"y":[1]},"o":{"x":[0.333],"y":[0]},"t":150,"s":[0]},{"i":{"x":[0.4],"y":[1]},"o":{"x":[0.6],"y":[0]},"t":180,"s":[-60]},{"i":{"x":[0.4],"y":[1]},"o":{"x":[0.6],"y":[0]},"t":210,"s":[-24]},{"i":{"x":[0.4],"y":[1]},"o":{"x":[0.6],"y":[0]},"t":240,"s":[-60]},{"i":{"x":[0.667],"y":[1]},"o":{"x":[0.6],"y":[0]},"t":270,"s":[-24]},{"t":300,"s":[0]}],"ix":10},"p":{"a":0,"k":[596.826,416.19,0],"ix":2},"a":{"a":0,"k":[594.666,418.325,0],"ix":1},"s":{"a":0,"k":[100,100,100],"ix":6}},"ao":0,"shapes":[{"ty":"gr","it":[{"ind":0,"ty":"sh","ix":1,"ks":{"a":0,"k":{"i":[[0,0],[3.514,14.913],[-5.326,-12.07],[-2.001,-2.904],[2.613,-0.365],[0.883,4.388]],"o":[[0,0],[-6.382,-10.781],[5.326,12.07],[2.001,2.903],[-2.612,0.364],[-0.883,-4.388]],"v":[[6.797,16.346],[-24.475,-41.809],[-9.682,-46.41],[20.12,20.489],[22.749,46.046],[8.591,34.143]],"c":true},"ix":2},"nm":"Path 1","mn":"ADBE Vector Shape - Group","hd":false},{"ty":"fl","c":{"a":0,"k":[1,0.686274509804,0.501960784314,1],"ix":4},"o":{"a":0,"k":100,"ix":5},"r":1,"bm":0,"nm":"Fill 1","mn":"ADBE Vector Graphic - Fill","hd":false},{"ty":"tr","p":{"a":0,"k":[613.107,463.84],"ix":2},"a":{"a":0,"k":[0,0],"ix":1},"s":{"a":0,"k":[100,100],"ix":3},"r":{"a":0,"k":0,"ix":6},"o":{"a":0,"k":100,"ix":7},"sk":{"a":0,"k":0,"ix":4},"sa":{"a":0,"k":0,"ix":5},"nm":"Transform"}],"nm":"Group 1","np":2,"cix":2,"bm":0,"ix":1,"mn":"ADBE Vector Group","hd":false}],"ip":0,"op":300,"st":0,"bm":0},{"ddd":0,"ind":18,"ty":4,"nm":"Shadow","sr":1,"ks":{"o":{"a":0,"k":60,"ix":11},"r":{"a":0,"k":0,"ix":10},"p":{"a":0,"k":[260.651,702.819,0],"ix":2},"a":{"a":0,"k":[539.151,878.819,0],"ix":1},"s":{"a":0,"k":[100,100,100],"ix":6}},"ao":0,"shapes":[{"ty":"gr","it":[{"ind":0,"ty":"sh","ix":1,"ks":{"a":0,"k":{"i":[[0,-5.601],[63.78,0],[0,5.602],[-63.78,0]],"o":[[0,5.602],[-63.78,0],[0,-5.601],[63.78,0]],"v":[[115.484,0],[0,10.142],[-115.484,0],[0,-10.142]],"c":true},"ix":2},"nm":"Path 1","mn":"ADBE Vector Shape - Group","hd":false},{"ty":"fl","c":{"a":0,"k":[0.121568634931,0.145098039216,0.301960784314,1],"ix":4},"o":{"a":0,"k":100,"ix":5},"r":1,"bm":0,"nm":"Fill 1","mn":"ADBE Vector Graphic - Fill","hd":false},{"ty":"tr","p":{"a":0,"k":[539.151,878.819],"ix":2},"a":{"a":0,"k":[0,0],"ix":1},"s":{"a":0,"k":[100,100],"ix":3},"r":{"a":0,"k":0,"ix":6},"o":{"a":0,"k":100,"ix":7},"sk":{"a":0,"k":0,"ix":4},"sa":{"a":0,"k":0,"ix":5},"nm":"Transform"}],"nm":"Group 1","np":2,"cix":2,"bm":0,"ix":1,"mn":"ADBE Vector Group","hd":false}],"ip":0,"op":300,"st":0,"bm":0}]},{"id":"comp_1","layers":[{"ddd":0,"ind":1,"ty":4,"nm":"Heart Rate 04","sr":1,"ks":{"o":{"a":0,"k":100,"ix":11},"r":{"a":0,"k":0,"ix":10},"p":{"a":0,"k":[766.089,382.375,0],"ix":2},"a":{"a":0,"k":[766.089,382.375,0],"ix":1},"s":{"a":0,"k":[100,100,100],"ix":6}},"ao":0,"shapes":[{"ty":"gr","it":[{"ind":0,"ty":"sh","ix":1,"ks":{"a":0,"k":{"i":[[0,0],[0,0],[0,0],[0,0],[0,0],[0,0],[0,0],[0,0],[0,0]],"o":[[0,0],[0,0],[0,0],[0,0],[0,0],[0,0],[0,0],[0,0],[0,0]],"v":[[181.332,-12.405],[96.053,-12.405],[76.676,0.984],[48.412,-43.208],[15.789,23.056],[-33.42,-54.697],[-76.907,54.697],[-118.463,-12.405],[-181.332,-12.405]],"c":false},"ix":2},"nm":"Path 1","mn":"ADBE Vector Shape - Group","hd":false},{"ty":"tm","s":{"a":0,"k":100,"ix":1},"e":{"a":1,"k":[{"i":{"x":[0.667],"y":[1]},"o":{"x":[0.333],"y":[0]},"t":240,"s":[100]},{"t":300,"s":[0]}],"ix":2},"o":{"a":0,"k":0,"ix":3},"m":1,"ix":2,"nm":"Trim Paths 1","mn":"ADBE Vector Filter - Trim","hd":false},{"ty":"st","c":{"a":0,"k":[1,1,1,1],"ix":3},"o":{"a":0,"k":100,"ix":4},"w":{"a":0,"k":6,"ix":5},"lc":2,"lj":1,"ml":10,"bm":0,"nm":"Stroke 1","mn":"ADBE Vector Graphic - Stroke","hd":false},{"ty":"tr","p":{"a":0,"k":[766.089,366.79],"ix":2},"a":{"a":0,"k":[0,0],"ix":1},"s":{"a":0,"k":[100,100],"ix":3},"r":{"a":0,"k":0,"ix":6},"o":{"a":0,"k":100,"ix":7},"sk":{"a":0,"k":0,"ix":4},"sa":{"a":0,"k":0,"ix":5},"nm":"Transform"}],"nm":"Group 1","np":3,"cix":2,"bm":0,"ix":1,"mn":"ADBE Vector Group","hd":false},{"ty":"gr","it":[{"ind":0,"ty":"sh","ix":1,"ks":{"a":0,"k":{"i":[[35.699,1.36],[0,0],[35.7,-1.36],[-0.34,-36.72],[0,0],[-0.339,36.72]],"o":[[-35.7,-1.36],[0,0],[-35.699,1.36],[0.34,36.72],[0,0],[0.34,-36.72]],"v":[[47.94,-93.67],[0.001,-64.09],[-47.94,-93.67],[-104.379,-31.79],[0.001,95.03],[104.379,-31.79]],"c":true},"ix":2},"nm":"Path 1","mn":"ADBE Vector Shape - Group","hd":false},{"ty":"fl","c":{"a":0,"k":[1,0.501960784314,0.564705882353,1],"ix":4},"o":{"a":0,"k":100,"ix":5},"r":1,"bm":0,"nm":"Fill 1","mn":"ADBE Vector Graphic - Fill","hd":false},{"ty":"tr","p":{"a":0,"k":[781.388,381.716],"ix":2},"a":{"a":0,"k":[0,0],"ix":1},"s":{"a":0,"k":[100,100],"ix":3},"r":{"a":0,"k":0,"ix":6},"o":{"a":0,"k":100,"ix":7},"sk":{"a":0,"k":0,"ix":4},"sa":{"a":0,"k":0,"ix":5},"nm":"Transform"}],"nm":"Group 2","np":2,"cix":2,"bm":0,"ix":2,"mn":"ADBE Vector Group","hd":false}],"ip":240,"op":301,"st":240,"bm":0},{"ddd":0,"ind":2,"ty":4,"nm":"Heart Rate 03","sr":1,"ks":{"o":{"a":0,"k":100,"ix":11},"r":{"a":0,"k":0,"ix":10},"p":{"a":0,"k":[766.089,382.375,0],"ix":2},"a":{"a":0,"k":[766.089,382.375,0],"ix":1},"s":{"a":0,"k":[100,100,100],"ix":6}},"ao":0,"shapes":[{"ty":"gr","it":[{"ind":0,"ty":"sh","ix":1,"ks":{"a":0,"k":{"i":[[0,0],[0,0],[0,0],[0,0],[0,0],[0,0],[0,0],[0,0],[0,0]],"o":[[0,0],[0,0],[0,0],[0,0],[0,0],[0,0],[0,0],[0,0],[0,0]],"v":[[181.332,-12.405],[96.053,-12.405],[76.676,0.984],[48.412,-43.208],[15.789,23.056],[-33.42,-54.697],[-76.907,54.697],[-118.463,-12.405],[-181.332,-12.405]],"c":false},"ix":2},"nm":"Path 1","mn":"ADBE Vector Shape - Group","hd":false},{"ty":"tm","s":{"a":0,"k":100,"ix":1},"e":{"a":1,"k":[{"i":{"x":[0.667],"y":[1]},"o":{"x":[0.333],"y":[0]},"t":180,"s":[100]},{"t":240,"s":[0]}],"ix":2},"o":{"a":0,"k":0,"ix":3},"m":1,"ix":2,"nm":"Trim Paths 1","mn":"ADBE Vector Filter - Trim","hd":false},{"ty":"st","c":{"a":0,"k":[1,1,1,1],"ix":3},"o":{"a":0,"k":100,"ix":4},"w":{"a":0,"k":6,"ix":5},"lc":2,"lj":1,"ml":10,"bm":0,"nm":"Stroke 1","mn":"ADBE Vector Graphic - Stroke","hd":false},{"ty":"tr","p":{"a":0,"k":[766.089,366.79],"ix":2},"a":{"a":0,"k":[0,0],"ix":1},"s":{"a":0,"k":[100,100],"ix":3},"r":{"a":0,"k":0,"ix":6},"o":{"a":0,"k":100,"ix":7},"sk":{"a":0,"k":0,"ix":4},"sa":{"a":0,"k":0,"ix":5},"nm":"Transform"}],"nm":"Group 1","np":3,"cix":2,"bm":0,"ix":1,"mn":"ADBE Vector Group","hd":false},{"ty":"gr","it":[{"ind":0,"ty":"sh","ix":1,"ks":{"a":0,"k":{"i":[[35.699,1.36],[0,0],[35.7,-1.36],[-0.34,-36.72],[0,0],[-0.339,36.72]],"o":[[-35.7,-1.36],[0,0],[-35.699,1.36],[0.34,36.72],[0,0],[0.34,-36.72]],"v":[[47.94,-93.67],[0.001,-64.09],[-47.94,-93.67],[-104.379,-31.79],[0.001,95.03],[104.379,-31.79]],"c":true},"ix":2},"nm":"Path 1","mn":"ADBE Vector Shape - Group","hd":false},{"ty":"fl","c":{"a":0,"k":[1,0.501960784314,0.564705882353,1],"ix":4},"o":{"a":0,"k":100,"ix":5},"r":1,"bm":0,"nm":"Fill 1","mn":"ADBE Vector Graphic - Fill","hd":false},{"ty":"tr","p":{"a":0,"k":[781.388,381.716],"ix":2},"a":{"a":0,"k":[0,0],"ix":1},"s":{"a":0,"k":[100,100],"ix":3},"r":{"a":0,"k":0,"ix":6},"o":{"a":0,"k":100,"ix":7},"sk":{"a":0,"k":0,"ix":4},"sa":{"a":0,"k":0,"ix":5},"nm":"Transform"}],"nm":"Group 2","np":2,"cix":2,"bm":0,"ix":2,"mn":"ADBE Vector Group","hd":false}],"ip":180,"op":241,"st":180,"bm":0},{"ddd":0,"ind":3,"ty":4,"nm":"Heart Rate 02","sr":1,"ks":{"o":{"a":0,"k":100,"ix":11},"r":{"a":0,"k":0,"ix":10},"p":{"a":0,"k":[766.089,382.375,0],"ix":2},"a":{"a":0,"k":[766.089,382.375,0],"ix":1},"s":{"a":0,"k":[100,100,100],"ix":6}},"ao":0,"shapes":[{"ty":"gr","it":[{"ind":0,"ty":"sh","ix":1,"ks":{"a":0,"k":{"i":[[0,0],[0,0],[0,0],[0,0],[0,0],[0,0],[0,0],[0,0],[0,0]],"o":[[0,0],[0,0],[0,0],[0,0],[0,0],[0,0],[0,0],[0,0],[0,0]],"v":[[181.332,-12.405],[96.053,-12.405],[76.676,0.984],[48.412,-43.208],[15.789,23.056],[-33.42,-54.697],[-76.907,54.697],[-118.463,-12.405],[-181.332,-12.405]],"c":false},"ix":2},"nm":"Path 1","mn":"ADBE Vector Shape - Group","hd":false},{"ty":"tm","s":{"a":0,"k":100,"ix":1},"e":{"a":1,"k":[{"i":{"x":[0.667],"y":[1]},"o":{"x":[0.333],"y":[0]},"t":92,"s":[100]},{"t":152,"s":[0]}],"ix":2},"o":{"a":0,"k":0,"ix":3},"m":1,"ix":2,"nm":"Trim Paths 1","mn":"ADBE Vector Filter - Trim","hd":false},{"ty":"st","c":{"a":0,"k":[1,1,1,1],"ix":3},"o":{"a":0,"k":100,"ix":4},"w":{"a":0,"k":6,"ix":5},"lc":2,"lj":1,"ml":10,"bm":0,"nm":"Stroke 1","mn":"ADBE Vector Graphic - Stroke","hd":false},{"ty":"tr","p":{"a":0,"k":[766.089,366.79],"ix":2},"a":{"a":0,"k":[0,0],"ix":1},"s":{"a":0,"k":[100,100],"ix":3},"r":{"a":0,"k":0,"ix":6},"o":{"a":0,"k":100,"ix":7},"sk":{"a":0,"k":0,"ix":4},"sa":{"a":0,"k":0,"ix":5},"nm":"Transform"}],"nm":"Group 1","np":3,"cix":2,"bm":0,"ix":1,"mn":"ADBE Vector Group","hd":false},{"ty":"gr","it":[{"ind":0,"ty":"sh","ix":1,"ks":{"a":0,"k":{"i":[[35.699,1.36],[0,0],[35.7,-1.36],[-0.34,-36.72],[0,0],[-0.339,36.72]],"o":[[-35.7,-1.36],[0,0],[-35.699,1.36],[0.34,36.72],[0,0],[0.34,-36.72]],"v":[[47.94,-93.67],[0.001,-64.09],[-47.94,-93.67],[-104.379,-31.79],[0.001,95.03],[104.379,-31.79]],"c":true},"ix":2},"nm":"Path 1","mn":"ADBE Vector Shape - Group","hd":false},{"ty":"fl","c":{"a":0,"k":[1,0.501960784314,0.564705882353,1],"ix":4},"o":{"a":0,"k":100,"ix":5},"r":1,"bm":0,"nm":"Fill 1","mn":"ADBE Vector Graphic - Fill","hd":false},{"ty":"tr","p":{"a":0,"k":[781.388,381.716],"ix":2},"a":{"a":0,"k":[0,0],"ix":1},"s":{"a":0,"k":[100,100],"ix":3},"r":{"a":0,"k":0,"ix":6},"o":{"a":0,"k":100,"ix":7},"sk":{"a":0,"k":0,"ix":4},"sa":{"a":0,"k":0,"ix":5},"nm":"Transform"}],"nm":"Group 2","np":2,"cix":2,"bm":0,"ix":2,"mn":"ADBE Vector Group","hd":false}],"ip":92,"op":153,"st":92,"bm":0},{"ddd":0,"ind":4,"ty":4,"nm":"Heart Rate 01","sr":1,"ks":{"o":{"a":0,"k":100,"ix":11},"r":{"a":0,"k":0,"ix":10},"p":{"a":0,"k":[766.089,382.375,0],"ix":2},"a":{"a":0,"k":[766.089,382.375,0],"ix":1},"s":{"a":0,"k":[100,100,100],"ix":6}},"ao":0,"shapes":[{"ty":"gr","it":[{"ind":0,"ty":"sh","ix":1,"ks":{"a":0,"k":{"i":[[0,0],[0,0],[0,0],[0,0],[0,0],[0,0],[0,0],[0,0],[0,0]],"o":[[0,0],[0,0],[0,0],[0,0],[0,0],[0,0],[0,0],[0,0],[0,0]],"v":[[181.332,-12.405],[96.053,-12.405],[76.676,0.984],[48.412,-43.208],[15.789,23.056],[-33.42,-54.697],[-76.907,54.697],[-118.463,-12.405],[-181.332,-12.405]],"c":false},"ix":2},"nm":"Path 1","mn":"ADBE Vector Shape - Group","hd":false},{"ty":"tm","s":{"a":0,"k":100,"ix":1},"e":{"a":1,"k":[{"i":{"x":[0.667],"y":[1]},"o":{"x":[0.333],"y":[0]},"t":31,"s":[100]},{"t":91,"s":[0]}],"ix":2},"o":{"a":0,"k":0,"ix":3},"m":1,"ix":2,"nm":"Trim Paths 1","mn":"ADBE Vector Filter - Trim","hd":false},{"ty":"st","c":{"a":0,"k":[1,1,1,1],"ix":3},"o":{"a":0,"k":100,"ix":4},"w":{"a":0,"k":6,"ix":5},"lc":2,"lj":1,"ml":10,"bm":0,"nm":"Stroke 1","mn":"ADBE Vector Graphic - Stroke","hd":false},{"ty":"tr","p":{"a":0,"k":[766.089,366.79],"ix":2},"a":{"a":0,"k":[0,0],"ix":1},"s":{"a":0,"k":[100,100],"ix":3},"r":{"a":0,"k":0,"ix":6},"o":{"a":0,"k":100,"ix":7},"sk":{"a":0,"k":0,"ix":4},"sa":{"a":0,"k":0,"ix":5},"nm":"Transform"}],"nm":"Group 1","np":3,"cix":2,"bm":0,"ix":1,"mn":"ADBE Vector Group","hd":false},{"ty":"gr","it":[{"ind":0,"ty":"sh","ix":1,"ks":{"a":0,"k":{"i":[[35.699,1.36],[0,0],[35.7,-1.36],[-0.34,-36.72],[0,0],[-0.339,36.72]],"o":[[-35.7,-1.36],[0,0],[-35.699,1.36],[0.34,36.72],[0,0],[0.34,-36.72]],"v":[[47.94,-93.67],[0.001,-64.09],[-47.94,-93.67],[-104.379,-31.79],[0.001,95.03],[104.379,-31.79]],"c":true},"ix":2},"nm":"Path 1","mn":"ADBE Vector Shape - Group","hd":false},{"ty":"fl","c":{"a":0,"k":[1,0.501960784314,0.564705882353,1],"ix":4},"o":{"a":0,"k":100,"ix":5},"r":1,"bm":0,"nm":"Fill 1","mn":"ADBE Vector Graphic - Fill","hd":false},{"ty":"tr","p":{"a":0,"k":[781.388,381.716],"ix":2},"a":{"a":0,"k":[0,0],"ix":1},"s":{"a":0,"k":[100,100],"ix":3},"r":{"a":0,"k":0,"ix":6},"o":{"a":0,"k":100,"ix":7},"sk":{"a":0,"k":0,"ix":4},"sa":{"a":0,"k":0,"ix":5},"nm":"Transform"}],"nm":"Group 2","np":2,"cix":2,"bm":0,"ix":2,"mn":"ADBE Vector Group","hd":false}],"ip":31,"op":92,"st":31,"bm":0},{"ddd":0,"ind":5,"ty":4,"nm":"Heart","sr":1,"ks":{"o":{"a":0,"k":100,"ix":11},"r":{"a":0,"k":0,"ix":10},"p":{"a":0,"k":[766.089,382.375,0],"ix":2},"a":{"a":0,"k":[766.089,382.375,0],"ix":1},"s":{"a":0,"k":[100,100,100],"ix":6}},"ao":0,"shapes":[{"ty":"gr","it":[{"ind":0,"ty":"sh","ix":1,"ks":{"a":0,"k":{"i":[[35.699,1.36],[0,0],[35.7,-1.36],[-0.34,-36.72],[0,0],[-0.339,36.72]],"o":[[-35.7,-1.36],[0,0],[-35.699,1.36],[0.34,36.72],[0,0],[0.34,-36.72]],"v":[[47.94,-93.67],[0.001,-64.09],[-47.94,-93.67],[-104.379,-31.79],[0.001,95.03],[104.379,-31.79]],"c":true},"ix":2},"nm":"Path 1","mn":"ADBE Vector Shape - Group","hd":false},{"ty":"fl","c":{"a":0,"k":[1,0.501960784314,0.564705882353,1],"ix":4},"o":{"a":0,"k":100,"ix":5},"r":1,"bm":0,"nm":"Fill 1","mn":"ADBE Vector Graphic - Fill","hd":false},{"ty":"tr","p":{"a":0,"k":[781.388,381.716],"ix":2},"a":{"a":0,"k":[0,0],"ix":1},"s":{"a":0,"k":[100,100],"ix":3},"r":{"a":0,"k":0,"ix":6},"o":{"a":0,"k":100,"ix":7},"sk":{"a":0,"k":0,"ix":4},"sa":{"a":0,"k":0,"ix":5},"nm":"Transform"}],"nm":"Group 2","np":2,"cix":2,"bm":0,"ix":1,"mn":"ADBE Vector Group","hd":false}],"ip":0,"op":300,"st":0,"bm":0},{"ddd":0,"ind":6,"ty":4,"nm":"Healthcare Box","sr":1,"ks":{"o":{"a":0,"k":100,"ix":11},"r":{"a":0,"k":0,"ix":10},"p":{"a":0,"k":[805.872,862.183,0],"ix":2},"a":{"a":0,"k":[805.872,862.183,0],"ix":1},"s":{"a":1,"k":[{"i":{"x":[0.4,0.4,0.4],"y":[1,1,1]},"o":{"x":[0.6,0.6,0.6],"y":[0,0,0]},"t":0,"s":[100,100,100]},{"i":{"x":[0.4,0.4,0.4],"y":[1,1,1]},"o":{"x":[0.6,0.6,0.6],"y":[0,0,0]},"t":13,"s":[105,105,100]},{"t":30,"s":[100,100,100]}],"ix":6,"x":"var $bm_rt;\n$bm_rt = loopOutDuration('cycle', 0);"}},"ao":0,"shapes":[{"ty":"gr","it":[{"ind":0,"ty":"sh","ix":1,"ks":{"a":0,"k":{"i":[[0,0],[0,0],[0,0],[0,0],[0,0],[0,0],[0,0],[0,0],[0,0],[0,0],[0,0],[0,0]],"o":[[0,0],[0,0],[0,0],[0,0],[0,0],[0,0],[0,0],[0,0],[0,0],[0,0],[0,0],[0,0]],"v":[[16.883,-5.143],[6.205,-5.143],[6.205,-15.654],[-6.205,-15.654],[-6.205,-5.143],[-16.883,-5.143],[-16.883,5.143],[-6.205,5.143],[-6.205,15.654],[6.205,15.654],[6.205,5.143],[16.883,5.143]],"c":true},"ix":2},"nm":"Path 1","mn":"ADBE Vector Shape - Group","hd":false},{"ty":"fl","c":{"a":0,"k":[0.960784373564,0.960784373564,0.960784373564,1],"ix":4},"o":{"a":0,"k":100,"ix":5},"r":1,"bm":0,"nm":"Fill 1","mn":"ADBE Vector Graphic - Fill","hd":false},{"ty":"tr","p":{"a":0,"k":[805.872,814.553],"ix":2},"a":{"a":0,"k":[0,0],"ix":1},"s":{"a":0,"k":[100,100],"ix":3},"r":{"a":0,"k":0,"ix":6},"o":{"a":0,"k":100,"ix":7},"sk":{"a":0,"k":0,"ix":4},"sa":{"a":0,"k":0,"ix":5},"nm":"Transform"}],"nm":"Group 1","np":2,"cix":2,"bm":0,"ix":1,"mn":"ADBE Vector Group","hd":false},{"ty":"gr","it":[{"ind":0,"ty":"sh","ix":1,"ks":{"a":0,"k":{"i":[[0,18.345],[18.345,0],[0,-18.345],[-18.345,0]],"o":[[0,-18.345],[-18.345,0],[0,18.345],[18.345,0]],"v":[[33.216,0],[0,-33.216],[-33.216,0],[0,33.216]],"c":true},"ix":2},"nm":"Path 1","mn":"ADBE Vector Shape - Group","hd":false},{"ty":"fl","c":{"a":0,"k":[0.949019667682,0.443137284821,0.470588265213,1],"ix":4},"o":{"a":0,"k":100,"ix":5},"r":1,"bm":0,"nm":"Fill 1","mn":"ADBE Vector Graphic - Fill","hd":false},{"ty":"tr","p":{"a":0,"k":[805.872,814.553],"ix":2},"a":{"a":0,"k":[0,0],"ix":1},"s":{"a":0,"k":[100,100],"ix":3},"r":{"a":0,"k":0,"ix":6},"o":{"a":0,"k":100,"ix":7},"sk":{"a":0,"k":0,"ix":4},"sa":{"a":0,"k":0,"ix":5},"nm":"Transform"}],"nm":"Group 2","np":2,"cix":2,"bm":0,"ix":2,"mn":"ADBE Vector Group","hd":false},{"ty":"gr","it":[{"ind":0,"ty":"sh","ix":1,"ks":{"a":0,"k":{"i":[[0,2.599],[0,0],[0,0],[0,0],[-2.599,0],[0,2.598],[0,0],[0.876,0.876],[1.239,0],[0,0],[0.876,-0.876],[0,-1.239],[0,0],[-2.599,0]],"o":[[0,0],[0,0],[0,0],[0,2.598],[2.599,0],[0,0],[0,-1.239],[-0.876,-0.876],[0,0],[-1.239,0],[-0.876,0.876],[0,0],[0,2.599],[2.599,0]],"v":[[-21.625,8.72],[-21.625,-5.693],[21.625,-5.693],[21.625,10.398],[26.33,15.103],[31.035,10.398],[31.035,-10.398],[29.657,-13.725],[26.33,-15.103],[-26.33,-15.103],[-29.657,-13.725],[-31.035,-10.398],[-31.035,8.72],[-26.33,13.426]],"c":true},"ix":2},"nm":"Path 1","mn":"ADBE Vector Shape - Group","hd":false},{"ty":"fl","c":{"a":0,"k":[0.980392216701,0.980392216701,0.956862804936,1],"ix":4},"o":{"a":0,"k":100,"ix":5},"r":1,"bm":0,"nm":"Fill 1","mn":"ADBE Vector Graphic - Fill","hd":false},{"ty":"tr","p":{"a":0,"k":[805.872,756.022],"ix":2},"a":{"a":0,"k":[0,0],"ix":1},"s":{"a":0,"k":[100,100],"ix":3},"r":{"a":0,"k":0,"ix":6},"o":{"a":0,"k":100,"ix":7},"sk":{"a":0,"k":0,"ix":4},"sa":{"a":0,"k":0,"ix":5},"nm":"Transform"}],"nm":"Group 3","np":2,"cix":2,"bm":0,"ix":3,"mn":"ADBE Vector Group","hd":false},{"ty":"gr","it":[{"ind":0,"ty":"sh","ix":1,"ks":{"a":0,"k":{"i":[[6.252,0],[0,0],[0,6.252],[0,0],[-6.253,0],[0,0],[0,-6.252],[0,0]],"o":[[0,0],[-6.253,0],[0,0],[0,-6.252],[0,0],[6.252,0],[0,0],[0,6.252]],"v":[[69.181,49.978],[-69.179,49.978],[-80.501,38.658],[-80.501,-38.657],[-69.179,-49.977],[69.181,-49.977],[80.501,-38.657],[80.501,38.658]],"c":true},"ix":2},"nm":"Path 1","mn":"ADBE Vector Shape - Group","hd":false},{"ty":"fl","c":{"a":0,"k":[0.980392216701,0.980392216701,0.956862804936,1],"ix":4},"o":{"a":0,"k":100,"ix":5},"r":1,"bm":0,"nm":"Fill 1","mn":"ADBE Vector Graphic - Fill","hd":false},{"ty":"tr","p":{"a":0,"k":[805.872,812.205],"ix":2},"a":{"a":0,"k":[0,0],"ix":1},"s":{"a":0,"k":[100,100],"ix":3},"r":{"a":0,"k":0,"ix":6},"o":{"a":0,"k":100,"ix":7},"sk":{"a":0,"k":0,"ix":4},"sa":{"a":0,"k":0,"ix":5},"nm":"Transform"}],"nm":"Group 4","np":2,"cix":2,"bm":0,"ix":4,"mn":"ADBE Vector Group","hd":false}],"ip":0,"op":300,"st":0,"bm":0},{"ddd":0,"ind":7,"ty":4,"nm":"Experiment","sr":1,"ks":{"o":{"a":0,"k":100,"ix":11},"r":{"a":0,"k":0,"ix":10},"p":{"a":1,"k":[{"i":{"x":0.667,"y":1},"o":{"x":0.333,"y":0},"t":0,"s":[830.225,577.134,0],"to":[0,2,0],"ti":[0,0,0]},{"i":{"x":0.667,"y":1},"o":{"x":0.333,"y":0},"t":30,"s":[830.225,589.134,0],"to":[0,0,0],"ti":[0,2,0]},{"t":60,"s":[830.225,577.134,0]}],"ix":2,"x":"var $bm_rt;\n$bm_rt = loopOutDuration('cycle', 0);"},"a":{"a":0,"k":[830.225,577.134,0],"ix":1},"s":{"a":0,"k":[100,100,100],"ix":6}},"ao":0,"shapes":[{"ty":"gr","it":[{"ind":0,"ty":"sh","ix":1,"ks":{"a":0,"k":{"i":[[0,0],[0,0],[-6.042,11.14],[-8.84,4.966],[-6.567,2.942],[-2.167,0.053]],"o":[[0,0],[3.192,-9.09],[9.249,4.559],[6.739,-3.796],[1.918,-0.854],[0,0]],"v":[[42.724,20.662],[-42.724,20.662],[-29.129,-10.023],[0.703,-6.635],[13.838,-19.337],[19.986,-20.662]],"c":true},"ix":2},"nm":"Path 1","mn":"ADBE Vector Shape - Group","hd":false},{"ty":"tw","a":{"a":0,"k":-8,"ix":1},"c":{"a":0,"k":[0,0],"ix":2},"ix":2,"nm":"Twist 1","mn":"ADBE Vector Filter - Twist","hd":false},{"ty":"fl","c":{"a":0,"k":[0.627450980392,0.827451040231,0.976470648074,1],"ix":4},"o":{"a":0,"k":100,"ix":5},"r":1,"bm":0,"nm":"Fill 1","mn":"ADBE Vector Graphic - Fill","hd":false},{"ty":"tr","p":{"a":0,"k":[830.225,607.267],"ix":2},"a":{"a":0,"k":[0,0],"ix":1},"s":{"a":0,"k":[100,100],"ix":3},"r":{"a":0,"k":0,"ix":6},"o":{"a":0,"k":100,"ix":7},"sk":{"a":0,"k":0,"ix":4},"sa":{"a":0,"k":0,"ix":5},"nm":"Transform"}],"nm":"Group 1","np":3,"cix":2,"bm":0,"ix":1,"mn":"ADBE Vector Group","hd":false},{"ty":"gr","it":[{"ind":0,"ty":"sh","ix":1,"ks":{"a":0,"k":{"i":[[0,0],[0,0],[-6.042,11.14],[-0.775,1.366],[-5.701,7.212],[0,0],[0,0],[0,0],[0,0],[0,0],[0,0],[0,0],[0,0]],"o":[[0,0],[3.192,-9.09],[0.723,-1.339],[5.832,-10.22],[0,0],[0,0],[0,0],[0,0],[0,0],[0,0],[0,0],[0,0],[0,0]],"v":[[42.724,50.796],[-42.724,50.796],[-29.129,20.11],[-26.882,16.052],[-9.254,-10.062],[-9.254,-40.971],[-18.62,-40.971],[-18.62,-50.796],[18.607,-50.796],[18.607,-40.971],[9.242,-40.971],[9.242,-10.062],[19.986,9.471]],"c":true},"ix":2},"nm":"Path 1","mn":"ADBE Vector Shape - Group","hd":false},{"ty":"fl","c":{"a":0,"k":[0.980392216701,0.980392216701,0.956862804936,1],"ix":4},"o":{"a":0,"k":100,"ix":5},"r":1,"bm":0,"nm":"Fill 1","mn":"ADBE Vector Graphic - Fill","hd":false},{"ty":"tr","p":{"a":0,"k":[830.225,577.134],"ix":2},"a":{"a":0,"k":[0,0],"ix":1},"s":{"a":0,"k":[100,100],"ix":3},"r":{"a":0,"k":0,"ix":6},"o":{"a":0,"k":100,"ix":7},"sk":{"a":0,"k":0,"ix":4},"sa":{"a":0,"k":0,"ix":5},"nm":"Transform"}],"nm":"Group 2","np":2,"cix":2,"bm":0,"ix":2,"mn":"ADBE Vector Group","hd":false}],"ip":0,"op":300,"st":0,"bm":0},{"ddd":0,"ind":8,"ty":4,"nm":"Layer 23 Outlines","sr":1,"ks":{"o":{"a":0,"k":100,"ix":11},"r":{"a":0,"k":0,"ix":10},"p":{"a":0,"k":[198.386,641.746,0],"ix":2},"a":{"a":0,"k":[198.386,641.746,0],"ix":1},"s":{"a":0,"k":[100,100,100],"ix":6}},"ao":0,"shapes":[{"ty":"gr","it":[{"ty":"gr","it":[{"ind":0,"ty":"sh","ix":1,"ks":{"a":0,"k":{"i":[[1.565,16.616],[0,0],[0,0],[-8.467,-14.992],[0,0],[0,0]],"o":[[0,0],[0,0],[-1.566,16.616],[0,0],[0,0],[8.468,-14.992]],"v":[[32.512,-23.581],[0,-23.581],[-32.512,-23.581],[-20.625,23.581],[0,23.581],[20.624,23.581]],"c":true},"ix":2},"nm":"Path 1","mn":"ADBE Vector Shape - Group","hd":false},{"ty":"fl","c":{"a":0,"k":[0.149019607843,0.20000001496,0.376470618154,1],"ix":4},"o":{"a":0,"k":100,"ix":5},"r":1,"bm":0,"nm":"Fill 1","mn":"ADBE Vector Graphic - Fill","hd":false},{"ty":"tr","p":{"a":0,"k":[203.924,619.376],"ix":2},"a":{"a":0,"k":[0,0],"ix":1},"s":{"a":0,"k":[100,100],"ix":3},"r":{"a":0,"k":0,"ix":6},"o":{"a":0,"k":100,"ix":7},"sk":{"a":0,"k":0,"ix":4},"sa":{"a":0,"k":0,"ix":5},"nm":"Transform"}],"nm":"Group 1","np":2,"cix":2,"bm":0,"ix":1,"mn":"ADBE Vector Group","hd":false},{"ty":"gr","it":[{"ind":0,"ty":"sh","ix":1,"ks":{"a":0,"k":{"i":[[0,0],[0,0],[0,0],[0,0]],"o":[[0,0],[0,0],[0,0],[0,0]],"v":[[20.624,1.915],[-20.625,1.915],[-20.625,-1.915],[20.624,-1.915]],"c":true},"ix":2},"nm":"Path 1","mn":"ADBE Vector Shape - Group","hd":false},{"ty":"fl","c":{"a":0,"k":[0.094117654539,0.333333333333,0.403921598547,1],"ix":4},"o":{"a":0,"k":100,"ix":5},"r":1,"bm":0,"nm":"Fill 1","mn":"ADBE Vector Graphic - Fill","hd":false},{"ty":"tr","p":{"a":0,"k":[203.924,645.831],"ix":2},"a":{"a":0,"k":[0,0],"ix":1},"s":{"a":0,"k":[100,100],"ix":3},"r":{"a":0,"k":0,"ix":6},"o":{"a":0,"k":100,"ix":7},"sk":{"a":0,"k":0,"ix":4},"sa":{"a":0,"k":0,"ix":5},"nm":"Transform"}],"nm":"Group 2","np":2,"cix":2,"bm":0,"ix":2,"mn":"ADBE Vector Group","hd":false},{"ty":"gr","it":[{"ind":0,"ty":"sh","ix":1,"ks":{"a":0,"k":{"i":[[0,0],[0,0],[0,0],[0,0]],"o":[[0,0],[0,0],[0,0],[0,0]],"v":[[32.799,1.916],[-32.798,1.916],[-32.798,-1.915],[32.799,-1.915]],"c":true},"ix":2},"nm":"Path 1","mn":"ADBE Vector Shape - Group","hd":false},{"ty":"fl","c":{"a":0,"k":[0.149019607843,0.20000001496,0.376470618154,1],"ix":4},"o":{"a":0,"k":100,"ix":5},"r":1,"bm":0,"nm":"Fill 1","mn":"ADBE Vector Graphic - Fill","hd":false},{"ty":"tr","p":{"a":0,"k":[203.924,591.246],"ix":2},"a":{"a":0,"k":[0,0],"ix":1},"s":{"a":0,"k":[100,100],"ix":3},"r":{"a":0,"k":0,"ix":6},"o":{"a":0,"k":100,"ix":7},"sk":{"a":0,"k":0,"ix":4},"sa":{"a":0,"k":0,"ix":5},"nm":"Transform"}],"nm":"Group 3","np":2,"cix":2,"bm":0,"ix":3,"mn":"ADBE Vector Group","hd":false},{"ty":"gr","it":[{"ind":0,"ty":"sh","ix":1,"ks":{"a":0,"k":{"i":[[0,0],[0,0],[0,0],[0,0]],"o":[[0,0],[0,0],[0,0],[0,0]],"v":[[32.799,1.916],[-32.798,1.916],[-32.798,-1.915],[32.799,-1.915]],"c":true},"ix":2},"nm":"Path 1","mn":"ADBE Vector Shape - Group","hd":false},{"ty":"fl","c":{"a":0,"k":[0.149019607843,0.20000001496,0.376470618154,1],"ix":4},"o":{"a":0,"k":100,"ix":5},"r":1,"bm":0,"nm":"Fill 1","mn":"ADBE Vector Graphic - Fill","hd":false},{"ty":"tr","p":{"a":0,"k":[203.924,584.782],"ix":2},"a":{"a":0,"k":[0,0],"ix":1},"s":{"a":0,"k":[100,100],"ix":3},"r":{"a":0,"k":0,"ix":6},"o":{"a":0,"k":100,"ix":7},"sk":{"a":0,"k":0,"ix":4},"sa":{"a":0,"k":0,"ix":5},"nm":"Transform"}],"nm":"Group 4","np":2,"cix":2,"bm":0,"ix":4,"mn":"ADBE Vector Group","hd":false},{"ty":"tr","p":{"a":0,"k":[203.925,615.306],"ix":2},"a":{"a":0,"k":[203.925,615.306],"ix":1},"s":{"a":0,"k":[100,100],"ix":3},"r":{"a":0,"k":0,"ix":6},"o":{"a":0,"k":100,"ix":7},"sk":{"a":0,"k":0,"ix":4},"sa":{"a":0,"k":0,"ix":5},"nm":"Transform"}],"nm":"Group 14","np":4,"cix":2,"bm":0,"ix":1,"mn":"ADBE Vector Group","hd":false},{"ty":"gr","it":[{"ty":"gr","it":[{"ind":0,"ty":"sh","ix":1,"ks":{"a":0,"k":{"i":[[2.642,-3.772],[-10.239,-18.857],[3.662,2.323]],"o":[[0,0],[5.553,9.906],[-3.661,-2.321]],"v":[[-20.204,9.83],[14.65,4.475],[5.475,7.985]],"c":true},"ix":2},"nm":"Path 1","mn":"ADBE Vector Shape - Group","hd":false},{"ty":"fl","c":{"a":0,"k":[0,0.607843137255,0.87450986376,1],"ix":4},"o":{"a":0,"k":100,"ix":5},"r":1,"bm":0,"nm":"Fill 1","mn":"ADBE Vector Graphic - Fill","hd":false},{"ty":"tr","p":{"a":0,"k":[162.604,555.287],"ix":2},"a":{"a":0,"k":[0,0],"ix":1},"s":{"a":0,"k":[100,100],"ix":3},"r":{"a":0,"k":0,"ix":6},"o":{"a":0,"k":100,"ix":7},"sk":{"a":0,"k":0,"ix":4},"sa":{"a":0,"k":0,"ix":5},"nm":"Transform"}],"nm":"Group 5","np":2,"cix":2,"bm":0,"ix":1,"mn":"ADBE Vector Group","hd":false},{"ty":"gr","it":[{"ind":0,"ty":"sh","ix":1,"ks":{"a":0,"k":{"i":[[5.427,-16.279],[-9.576,-22.345],[3.192,11.492],[13.087,3.831]],"o":[[0,0],[9.577,22.344],[-3.193,-11.491],[-13.088,-3.83]],"v":[[-29.208,-11.172],[13.565,7.342],[26.016,11.81],[6.225,-25.856]],"c":true},"ix":2},"nm":"Path 1","mn":"ADBE Vector Shape - Group","hd":false},{"ty":"fl","c":{"a":0,"k":[0,0.490196108351,0.772549079446,1],"ix":4},"o":{"a":0,"k":100,"ix":5},"r":1,"bm":0,"nm":"Fill 1","mn":"ADBE Vector Graphic - Fill","hd":false},{"ty":"tr","p":{"a":0,"k":[151.815,528.224],"ix":2},"a":{"a":0,"k":[0,0],"ix":1},"s":{"a":0,"k":[100,100],"ix":3},"r":{"a":0,"k":0,"ix":6},"o":{"a":0,"k":100,"ix":7},"sk":{"a":0,"k":0,"ix":4},"sa":{"a":0,"k":0,"ix":5},"nm":"Transform"}],"nm":"Group 6","np":2,"cix":2,"bm":0,"ix":2,"mn":"ADBE Vector Group","hd":false},{"ty":"gr","it":[{"ind":0,"ty":"sh","ix":1,"ks":{"a":0,"k":{"i":[[0,0],[-0.158,-0.234],[-5.089,-10.67],[0.006,-11.809],[0.125,-1.286],[0,-4.677],[-0.022,-0.066],[0,0],[0,0],[0,14.114],[-0.599,6.135],[0,1.365],[5.492,11.099],[0.011,0.018]],"o":[[0,0],[1.191,1.754],[5.093,10.668],[0,1.325],[-0.603,6.177],[-0.001,15.199],[0,0],[0,0],[-0.247,-0.793],[0,-4.633],[0.13,-1.332],[-0.006,-12.975],[-5.497,-11.096],[0,0]],"v":[[-12.245,-49.326],[-12.005,-48.974],[-0.329,-28.41],[9.528,7.275],[9.343,11.193],[8.509,27.466],[10.97,50.094],[12.245,49.669],[12.221,49.596],[9.852,27.466],[10.68,11.323],[10.871,7.275],[-0.145,-31.105],[-11.143,-50.094]],"c":true},"ix":2},"nm":"Path 1","mn":"ADBE Vector Shape - Group","hd":false},{"ty":"fl","c":{"a":0,"k":[0,0.352941176471,0.588235294118,1],"ix":4},"o":{"a":0,"k":100,"ix":5},"r":1,"bm":0,"nm":"Fill 1","mn":"ADBE Vector Graphic - Fill","hd":false},{"ty":"tr","p":{"a":0,"k":[168.456,555.743],"ix":2},"a":{"a":0,"k":[0,0],"ix":1},"s":{"a":0,"k":[100,100],"ix":3},"r":{"a":0,"k":0,"ix":6},"o":{"a":0,"k":100,"ix":7},"sk":{"a":0,"k":0,"ix":4},"sa":{"a":0,"k":0,"ix":5},"nm":"Transform"}],"nm":"Group 7","np":2,"cix":2,"bm":0,"ix":3,"mn":"ADBE Vector Group","hd":false},{"ty":"tr","p":{"a":0,"k":[180.155,605.793],"ix":2},"a":{"a":0,"k":[180.155,605.793],"ix":1},"s":{"a":0,"k":[100,100],"ix":3},"r":{"a":1,"k":[{"i":{"x":[0.667],"y":[1]},"o":{"x":[0.333],"y":[0]},"t":0,"s":[0]},{"i":{"x":[0.667],"y":[1]},"o":{"x":[0.333],"y":[0]},"t":75,"s":[-7]},{"i":{"x":[0.667],"y":[1]},"o":{"x":[0.333],"y":[0]},"t":150,"s":[0]},{"i":{"x":[0.667],"y":[1]},"o":{"x":[0.333],"y":[0]},"t":225,"s":[-7]},{"t":300,"s":[0]}],"ix":6},"o":{"a":0,"k":100,"ix":7},"sk":{"a":0,"k":0,"ix":4},"sa":{"a":0,"k":0,"ix":5},"nm":"Transform"}],"nm":"Group 15","np":3,"cix":2,"bm":0,"ix":2,"mn":"ADBE Vector Group","hd":false},{"ty":"gr","it":[{"ty":"gr","it":[{"ind":0,"ty":"sh","ix":1,"ks":{"a":0,"k":{"i":[[7.703,18.78],[4.788,10.448],[0,0],[-4.788,-8.306],[0.958,-13.601],[-4.867,0.719]],"o":[[0,0],[-4.788,-10.447],[0,0],[4.788,8.306],[-0.957,13.6],[4.868,-0.718]],"v":[[9.196,11.755],[9.196,-13.883],[-14.984,-49.647],[-12.111,-3.668],[-2.296,28.863],[9.834,48.928]],"c":true},"ix":2},"nm":"Path 1","mn":"ADBE Vector Shape - Group","hd":false},{"ty":"fl","c":{"a":0,"k":[0,0.490196108351,0.772549079446,1],"ix":4},"o":{"a":0,"k":100,"ix":5},"r":1,"bm":0,"nm":"Fill 1","mn":"ADBE Vector Graphic - Fill","hd":false},{"ty":"tr","p":{"a":0,"k":[184.913,509.701],"ix":2},"a":{"a":0,"k":[0,0],"ix":1},"s":{"a":0,"k":[100,100],"ix":3},"r":{"a":0,"k":0,"ix":6},"o":{"a":0,"k":100,"ix":7},"sk":{"a":0,"k":0,"ix":4},"sa":{"a":0,"k":0,"ix":5},"nm":"Transform"}],"nm":"Group 8","np":2,"cix":2,"bm":0,"ix":1,"mn":"ADBE Vector Group","hd":false},{"ty":"gr","it":[{"ind":0,"ty":"sh","ix":1,"ks":{"a":0,"k":{"i":[[0,0],[-0.323,-1.21],[-2.552,-12.284],[0.002,-9.703],[0.255,-1.726],[0,-5.588],[-0.982,-6.436],[-0.62,-2.248],[-0.763,-0.987],[0,0],[0.592,2.169],[-0.002,11.915],[-0.736,4.988],[0,2.264],[2.971,13.508],[0.002,0.007]],"o":[[0,0.002],[1.134,4.235],[2.553,12.28],[0,2.216],[-0.748,5.074],[0.001,8.02],[0.492,3.219],[0.628,2.252],[0,0],[-0.539,-0.67],[-1.806,-6.535],[0,-5.536],[0.267,-1.815],[-0.003,-11.309],[-2.972,-13.503],[0,0]],"v":[[-8.408,-61.226],[-7.9,-59.352],[-1.376,-31.928],[3.439,3.731],[3.066,9.68],[2,25.935],[3.635,48.398],[5.32,56.69],[7.352,61.584],[8.408,60.753],[6.615,56.332],[3.343,25.935],[4.395,9.875],[4.782,3.731],[-1.169,-37.381],[-7.114,-61.584]],"c":true},"ix":2},"nm":"Path 1","mn":"ADBE Vector Shape - Group","hd":false},{"ty":"fl","c":{"a":0,"k":[0,0.352941176471,0.588235294118,1],"ix":4},"o":{"a":0,"k":100,"ix":5},"r":1,"bm":0,"nm":"Fill 1","mn":"ADBE Vector Graphic - Fill","hd":false},{"ty":"tr","p":{"a":0,"k":[190.379,549.243],"ix":2},"a":{"a":0,"k":[0,0],"ix":1},"s":{"a":0,"k":[100,100],"ix":3},"r":{"a":0,"k":0,"ix":6},"o":{"a":0,"k":100,"ix":7},"sk":{"a":0,"k":0,"ix":4},"sa":{"a":0,"k":0,"ix":5},"nm":"Transform"}],"nm":"Group 9","np":2,"cix":2,"bm":0,"ix":2,"mn":"ADBE Vector Group","hd":false},{"ty":"tr","p":{"a":0,"k":[199.856,610.941],"ix":2},"a":{"a":0,"k":[199.856,610.941],"ix":1},"s":{"a":0,"k":[100,100],"ix":3},"r":{"a":1,"k":[{"i":{"x":[0.667],"y":[1]},"o":{"x":[0.333],"y":[0]},"t":0,"s":[0]},{"i":{"x":[0.667],"y":[1]},"o":{"x":[0.333],"y":[0]},"t":75,"s":[-2]},{"i":{"x":[0.667],"y":[1]},"o":{"x":[0.333],"y":[0]},"t":150,"s":[0]},{"i":{"x":[0.667],"y":[1]},"o":{"x":[0.333],"y":[0]},"t":225,"s":[-2]},{"t":300,"s":[0]}],"ix":6},"o":{"a":0,"k":100,"ix":7},"sk":{"a":0,"k":0,"ix":4},"sa":{"a":0,"k":0,"ix":5},"nm":"Transform"}],"nm":"Group 16","np":2,"cix":2,"bm":0,"ix":3,"mn":"ADBE Vector Group","hd":false},{"ty":"gr","it":[{"ty":"gr","it":[{"ind":0,"ty":"sh","ix":1,"ks":{"a":0,"k":{"i":[[4.367,-6.87],[-14.844,3.591],[0,0]],"o":[[0,0],[14.842,-3.59],[0,0]],"v":[[-17.219,9.732],[-10.094,-6.142],[24.938,1.795]],"c":true},"ix":2},"nm":"Path 1","mn":"ADBE Vector Shape - Group","hd":false},{"ty":"fl","c":{"a":0,"k":[0,0.490196108351,0.772549079446,1],"ix":4},"o":{"a":0,"k":100,"ix":5},"r":1,"bm":0,"nm":"Fill 1","mn":"ADBE Vector Graphic - Fill","hd":false},{"ty":"tr","p":{"a":0,"k":[229.82,496.301],"ix":2},"a":{"a":0,"k":[0,0],"ix":1},"s":{"a":0,"k":[100,100],"ix":3},"r":{"a":0,"k":0,"ix":6},"o":{"a":0,"k":100,"ix":7},"sk":{"a":0,"k":0,"ix":4},"sa":{"a":0,"k":0,"ix":5},"nm":"Transform"}],"nm":"Group 10","np":2,"cix":2,"bm":0,"ix":1,"mn":"ADBE Vector Group","hd":false},{"ty":"gr","it":[{"ind":0,"ty":"sh","ix":1,"ks":{"a":0,"k":{"i":[[0,0],[5.094,-5.286],[-0.005,-17.505],[-0.867,-6.112],[-0.887,-7.612],[-0.11,-1.282],[-0.014,-0.238],[0,0],[0,0],[0,0],[0,0],[0.888,7.634],[3.551,25.062],[0,4.769],[-4.82,5.008],[-1.794,0.814],[-0.513,0.148],[-0.132,0.03],[0,0],[0,0]],"o":[[-0.09,0.015],[-5.098,5.285],[0,4.84],[3.55,25.055],[0.443,3.806],[0.055,0.641],[0,0],[0,0],[0,0],[0,0],[-0.001,-0.065],[-0.889,-7.631],[-0.859,-6.057],[0.005,-17.26],[2.413,-2.505],[0.897,-0.406],[0.258,-0.074],[0,0],[0,0],[0,0]],"v":[[10.096,-55.235],[-0.199,-49.091],[-10.305,-16.604],[-9.057,-0.214],[-2.844,46.334],[-2.07,53.661],[-1.973,54.941],[-1.963,55.184],[-1.962,55.23],[-1.962,55.235],[-0.618,55.235],[-1.51,46.179],[-7.727,-0.402],[-8.962,-16.604],[0.768,-48.159],[7.38,-52.917],[9.535,-53.721],[10.124,-53.872],[10.27,-53.902],[10.309,-53.909]],"c":true},"ix":2},"nm":"Path 1","mn":"ADBE Vector Shape - Group","hd":false},{"ty":"fl","c":{"a":0,"k":[0,0.352941176471,0.588235294118,1],"ix":4},"o":{"a":0,"k":100,"ix":5},"r":1,"bm":0,"nm":"Fill 1","mn":"ADBE Vector Graphic - Fill","hd":false},{"ty":"tr","p":{"a":0,"k":[212.316,550.39],"ix":2},"a":{"a":0,"k":[0,0],"ix":1},"s":{"a":0,"k":[100,100],"ix":3},"r":{"a":0,"k":0,"ix":6},"o":{"a":0,"k":100,"ix":7},"sk":{"a":0,"k":0,"ix":4},"sa":{"a":0,"k":0,"ix":5},"nm":"Transform"}],"nm":"Group 11","np":2,"cix":2,"bm":0,"ix":2,"mn":"ADBE Vector Group","hd":false},{"ty":"tr","p":{"a":0,"k":[210.885,603.546],"ix":2},"a":{"a":0,"k":[210.885,603.546],"ix":1},"s":{"a":0,"k":[100,100],"ix":3},"r":{"a":1,"k":[{"i":{"x":[0.667],"y":[1]},"o":{"x":[0.333],"y":[0]},"t":0,"s":[0]},{"i":{"x":[0.667],"y":[1]},"o":{"x":[0.333],"y":[0]},"t":75,"s":[5]},{"i":{"x":[0.667],"y":[1]},"o":{"x":[0.333],"y":[0]},"t":150,"s":[0]},{"i":{"x":[0.667],"y":[1]},"o":{"x":[0.333],"y":[0]},"t":225,"s":[5]},{"t":300,"s":[0]}],"ix":6},"o":{"a":0,"k":100,"ix":7},"sk":{"a":0,"k":0,"ix":4},"sa":{"a":0,"k":0,"ix":5},"nm":"Transform"}],"nm":"Group 18","np":2,"cix":2,"bm":0,"ix":4,"mn":"ADBE Vector Group","hd":false},{"ty":"gr","it":[{"ty":"gr","it":[{"ind":0,"ty":"sh","ix":1,"ks":{"a":0,"k":{"i":[[8.14,13.646],[-32.798,10.533],[0,0],[5.853,-1.699]],"o":[[0,0],[32.798,-10.534],[0,0],[-14.843,4.31]],"v":[[-33.157,11.85],[-13.765,-14.963],[46.564,1.316],[6.104,2.753]],"c":true},"ix":2},"nm":"Path 1","mn":"ADBE Vector Shape - Group","hd":false},{"ty":"fl","c":{"a":0,"k":[0.627450980392,0.827451040231,0.976470648074,1],"ix":4},"o":{"a":0,"k":100,"ix":5},"r":1,"bm":0,"nm":"Fill 1","mn":"ADBE Vector Graphic - Fill","hd":false},{"ty":"tr","p":{"a":0,"k":[253.601,538.871],"ix":2},"a":{"a":0,"k":[0,0],"ix":1},"s":{"a":0,"k":[100,100],"ix":3},"r":{"a":0,"k":0,"ix":6},"o":{"a":0,"k":100,"ix":7},"sk":{"a":0,"k":0,"ix":4},"sa":{"a":0,"k":0,"ix":5},"nm":"Transform"}],"nm":"Group 12","np":2,"cix":2,"bm":0,"ix":1,"mn":"ADBE Vector Group","hd":false},{"ty":"gr","it":[{"ind":0,"ty":"sh","ix":1,"ks":{"a":0,"k":{"i":[[0,0],[0.167,0.535],[-0.005,13.333],[-1.964,3.501],[-8.082,3.905],[-2.787,1.03],[-0.791,0.263],[-0.001,0],[0,0],[8.181,-3.964],[4.103,-7.3],[0.003,-5.471],[-0.007,-0.034]],"o":[[0,-0.001],[-1.174,-3.743],[-0.004,-5.348],[3.798,-6.825],[4.039,-1.957],[1.393,-0.516],[0.79,-0.264],[0,0],[-0.021,0.007],[-8.177,3.976],[-2.142,3.839],[0.007,15.57],[0,0]],"v":[[-12.602,35.477],[-12.863,34.658],[-18.732,1.66],[-16.005,-12.104],[4.899,-28.536],[15.524,-33.045],[18.848,-34.216],[20.074,-34.612],[19.683,-35.898],[4.313,-29.745],[-17.177,-12.759],[-20.075,1.66],[-13.877,35.898]],"c":true},"ix":2},"nm":"Path 1","mn":"ADBE Vector Shape - Group","hd":false},{"ty":"fl","c":{"a":0,"k":[0,0.352941176471,0.588235294118,1],"ix":4},"o":{"a":0,"k":100,"ix":5},"r":1,"bm":0,"nm":"Fill 1","mn":"ADBE Vector Graphic - Fill","hd":false},{"ty":"tr","p":{"a":0,"k":[234.879,564.59],"ix":2},"a":{"a":0,"k":[0,0],"ix":1},"s":{"a":0,"k":[100,100],"ix":3},"r":{"a":0,"k":0,"ix":6},"o":{"a":0,"k":100,"ix":7},"sk":{"a":0,"k":0,"ix":4},"sa":{"a":0,"k":0,"ix":5},"nm":"Transform"}],"nm":"Group 13","np":2,"cix":2,"bm":0,"ix":2,"mn":"ADBE Vector Group","hd":false},{"ty":"tr","p":{"a":0,"k":[220.985,598.472],"ix":2},"a":{"a":0,"k":[220.985,598.472],"ix":1},"s":{"a":0,"k":[100,100],"ix":3},"r":{"a":1,"k":[{"i":{"x":[0.667],"y":[1]},"o":{"x":[0.333],"y":[0]},"t":0,"s":[0]},{"i":{"x":[0.667],"y":[1]},"o":{"x":[0.333],"y":[0]},"t":75,"s":[15]},{"i":{"x":[0.667],"y":[1]},"o":{"x":[0.333],"y":[0]},"t":150,"s":[0]},{"i":{"x":[0.667],"y":[1]},"o":{"x":[0.333],"y":[0]},"t":225,"s":[15]},{"t":300,"s":[0]}],"ix":6},"o":{"a":0,"k":100,"ix":7},"sk":{"a":0,"k":0,"ix":4},"sa":{"a":0,"k":0,"ix":5},"nm":"Transform"}],"nm":"Group 17","np":2,"cix":2,"bm":0,"ix":5,"mn":"ADBE Vector Group","hd":false}],"ip":0,"op":300,"st":0,"bm":0},{"ddd":0,"ind":9,"ty":4,"nm":"Layer 24 Outlines","sr":1,"ks":{"o":{"a":0,"k":100,"ix":11},"r":{"a":0,"k":0,"ix":10},"p":{"a":0,"k":[540,540,0],"ix":2},"a":{"a":0,"k":[540,540,0],"ix":1},"s":{"a":0,"k":[100,100,100],"ix":6}},"ao":0,"shapes":[{"ty":"gr","it":[{"ind":0,"ty":"sh","ix":1,"ks":{"a":0,"k":{"i":[[0,0],[0,0],[0,0],[0,0]],"o":[[0,0],[0,0],[0,0],[0,0]],"v":[[1.814,12.736],[1.814,-72.281],[37.401,-72.281],[51.144,12.736]],"c":true},"ix":2},"nm":"Path 1","mn":"ADBE Vector Shape - Group","hd":false},{"ind":1,"ty":"sh","ix":2,"ks":{"a":0,"k":{"i":[[0,0],[0,0],[0,0],[0,0]],"o":[[0,0],[0,0],[0,0],[0,0]],"v":[[-50.729,12.736],[-36.647,-72.281],[-3.44,-72.281],[-3.44,12.736]],"c":true},"ix":2},"nm":"Path 2","mn":"ADBE Vector Shape - Group","hd":false},{"ind":2,"ty":"sh","ix":3,"ks":{"a":0,"k":{"i":[[0,0],[0,0],[0,0],[0,0]],"o":[[0,0],[0,0],[0,0],[0,0]],"v":[[-3.44,-82.184],[-3.44,-77.535],[-35.777,-77.535],[-35.007,-82.184]],"c":true},"ix":2},"nm":"Path 3","mn":"ADBE Vector Shape - Group","hd":false},{"ind":3,"ty":"sh","ix":4,"ks":{"a":0,"k":{"i":[[0,0],[0,0],[0,0],[0,0]],"o":[[0,0],[0,0],[0,0],[0,0]],"v":[[35.8,-82.184],[36.552,-77.535],[1.814,-77.535],[1.814,-82.184]],"c":true},"ix":2},"nm":"Path 4","mn":"ADBE Vector Shape - Group","hd":false},{"ind":4,"ty":"sh","ix":5,"ks":{"a":0,"k":{"i":[[0,0],[0,0],[0,0],[0,0],[0,0],[0,0],[0,0],[0,0],[0,0],[0,0],[0,0],[0,0],[0,0],[0,0],[0,0],[0,0],[0,0],[0,0],[0,0],[0,0]],"o":[[0,0],[0,0],[0,0],[0,0],[0,0],[0,0],[0,0],[0,0],[0,0],[0,0],[0,0],[0,0],[0,0],[0,0],[0,0],[0,0],[0,0],[0,0],[0,0],[0,0]],"v":[[68.017,117.119],[73.204,116.281],[35.476,-117.12],[30.288,-116.282],[34.951,-87.438],[1.814,-87.438],[1.814,-116.701],[-3.44,-116.701],[-3.44,-87.438],[-34.137,-87.438],[-29.361,-116.272],[-34.544,-117.13],[-73.204,116.27],[-68.02,117.13],[-51.599,17.99],[-3.44,17.99],[-3.44,116.7],[1.814,116.7],[1.814,17.99],[51.993,17.99]],"c":true},"ix":2},"nm":"Path 5","mn":"ADBE Vector Shape - Group","hd":false},{"ty":"mm","mm":1,"nm":"Merge Paths 1","mn":"ADBE Vector Filter - Merge","hd":false},{"ty":"fl","c":{"a":0,"k":[0.231372563979,0.258823529412,0.301960784314,1],"ix":4},"o":{"a":0,"k":100,"ix":5},"r":1,"bm":0,"nm":"Fill 1","mn":"ADBE Vector Graphic - Fill","hd":false},{"ty":"tr","p":{"a":0,"k":[207.392,771.699],"ix":2},"a":{"a":0,"k":[0,0],"ix":1},"s":{"a":0,"k":[100,100],"ix":3},"r":{"a":0,"k":0,"ix":6},"o":{"a":0,"k":100,"ix":7},"sk":{"a":0,"k":0,"ix":4},"sa":{"a":0,"k":0,"ix":5},"nm":"Transform"}],"nm":"Group 1","np":7,"cix":2,"bm":0,"ix":1,"mn":"ADBE Vector Group","hd":false},{"ty":"gr","it":[{"ind":0,"ty":"sh","ix":1,"ks":{"a":0,"k":{"i":[[0,0],[0,0],[0,0],[0,0]],"o":[[0,0],[0,0],[0,0],[0,0]],"v":[[46.385,3.841],[-46.385,3.841],[-46.385,-3.841],[46.385,-3.841]],"c":true},"ix":2},"nm":"Path 1","mn":"ADBE Vector Shape - Group","hd":false},{"ty":"fl","c":{"a":0,"k":[0.231372563979,0.258823529412,0.301960784314,1],"ix":4},"o":{"a":0,"k":100,"ix":5},"r":1,"bm":0,"nm":"Fill 1","mn":"ADBE Vector Graphic - Fill","hd":false},{"ty":"tr","p":{"a":0,"k":[205.619,651.157],"ix":2},"a":{"a":0,"k":[0,0],"ix":1},"s":{"a":0,"k":[100,100],"ix":3},"r":{"a":0,"k":0,"ix":6},"o":{"a":0,"k":100,"ix":7},"sk":{"a":0,"k":0,"ix":4},"sa":{"a":0,"k":0,"ix":5},"nm":"Transform"}],"nm":"Group 2","np":2,"cix":2,"bm":0,"ix":2,"mn":"ADBE Vector Group","hd":false}],"ip":0,"op":300,"st":0,"bm":0},{"ddd":0,"ind":10,"ty":4,"nm":"Layer 25 Outlines","sr":1,"ks":{"o":{"a":0,"k":100,"ix":11},"r":{"a":0,"k":0,"ix":10},"p":{"a":0,"k":[540,540,0],"ix":2},"a":{"a":0,"k":[540,540,0],"ix":1},"s":{"a":0,"k":[100,100,100],"ix":6}},"ao":0,"shapes":[{"ty":"gr","it":[{"ind":0,"ty":"sh","ix":1,"ks":{"a":0,"k":{"i":[[0,-30.816],[199.966,0],[0,30.815],[-199.967,0]],"o":[[0,30.815],[-199.967,0],[0,-30.816],[199.966,0]],"v":[[362.072,0],[0.001,55.797],[-362.071,0],[0.001,-55.797]],"c":true},"ix":2},"nm":"Path 1","mn":"ADBE Vector Shape - Group","hd":false},{"ty":"fl","c":{"a":0,"k":[0.572549019608,0.713725490196,0.917647118662,1],"ix":4},"o":{"a":0,"k":100,"ix":5},"r":1,"bm":0,"nm":"Fill 1","mn":"ADBE Vector Graphic - Fill","hd":false},{"ty":"tr","p":{"a":0,"k":[568.324,858.055],"ix":2},"a":{"a":0,"k":[0,0],"ix":1},"s":{"a":0,"k":[100,100],"ix":3},"r":{"a":0,"k":0,"ix":6},"o":{"a":0,"k":100,"ix":7},"sk":{"a":0,"k":0,"ix":4},"sa":{"a":0,"k":0,"ix":5},"nm":"Transform"}],"nm":"Group 1","np":2,"cix":2,"bm":0,"ix":1,"mn":"ADBE Vector Group","hd":false},{"ty":"gr","it":[{"ind":0,"ty":"sh","ix":1,"ks":{"a":0,"k":{"i":[[26.508,-55.539],[21.004,-14.992],[0,0],[29.7,57.17],[-9.681,56.928],[-27.637,53.467],[-73.876,51.526],[-47.617,7.011],[-43.584,-33.469],[-35.203,-123.976]],"o":[[-10.68,22.379],[0,0],[0,0],[-18.468,-35.519],[7.671,-45.045],[40.918,-79.218],[40.681,-28.376],[40.248,-5.91],[87.853,67.511],[21.964,77.344]],"v":[[339.638,256.948],[292.467,313.567],[-259.536,324.172],[-335.711,237.854],[-356.465,99.04],[-302.504,-52.981],[-127.062,-262.9],[5.924,-318.262],[134.378,-272.689],[341.082,49.212]],"c":true},"ix":2},"nm":"Path 1","mn":"ADBE Vector Shape - Group","hd":false},{"ty":"fl","c":{"a":0,"k":[0.188235309077,0.505882352941,0.996078491211,1],"ix":4},"o":{"a":0,"k":100,"ix":5},"r":1,"bm":0,"nm":"Fill 1","mn":"ADBE Vector Graphic - Fill","hd":false},{"ty":"tr","p":{"a":0,"k":[597.237,507.744],"ix":2},"a":{"a":0,"k":[0,0],"ix":1},"s":{"a":0,"k":[100,100],"ix":3},"r":{"a":0,"k":0,"ix":6},"o":{"a":0,"k":100,"ix":7},"sk":{"a":0,"k":0,"ix":4},"sa":{"a":0,"k":0,"ix":5},"nm":"Transform"}],"nm":"Group 2","np":2,"cix":2,"bm":0,"ix":2,"mn":"ADBE Vector Group","hd":false},{"ty":"gr","it":[{"ind":0,"ty":"sh","ix":1,"ks":{"a":0,"k":{"i":[[-10.679,22.379],[0.906,-11.684],[1.234,-11.84],[20.387,0.265],[201.989,2.734],[0.722,19.931],[-5.688,13.339],[0,0],[0,0]],"o":[[-0.683,12.148],[-1.38,17.904],[-20.387,-0.265],[-201.974,-2.734],[-4.019,-9.393],[-0.644,-17.771],[29.7,57.17],[0,0],[21.004,-14.992]],"v":[[342.219,-30.878],[339.842,4.905],[335.757,49.972],[274.622,49.156],[-331.343,40.954],[-341.575,-4.112],[-333.129,-49.972],[-256.955,36.346],[295.049,25.741]],"c":true},"ix":2},"nm":"Path 1","mn":"ADBE Vector Shape - Group","hd":false},{"ty":"fl","c":{"a":0,"k":[0.807843197093,0.929411824544,0.85882358925,1],"ix":4},"o":{"a":0,"k":100,"ix":5},"r":1,"bm":0,"nm":"Fill 1","mn":"ADBE Vector Graphic - Fill","hd":false},{"ty":"tr","p":{"a":0,"k":[553.063,798.109],"ix":2},"a":{"a":0,"k":[0,0],"ix":1},"s":{"a":0,"k":[100,100],"ix":3},"r":{"a":0,"k":0,"ix":6},"o":{"a":0,"k":30,"ix":7},"sk":{"a":0,"k":0,"ix":4},"sa":{"a":0,"k":0,"ix":5},"nm":"Transform"}],"nm":"Group 3","np":2,"cix":2,"bm":0,"ix":3,"mn":"ADBE Vector Group","hd":false},{"ty":"gr","it":[{"ind":0,"ty":"sh","ix":1,"ks":{"a":0,"k":{"i":[[87.852,67.511],[-19.179,13.052],[-15.46,-6.415],[-7.566,-188.996]],"o":[[19.756,-26.722],[16.498,-11.2],[60.53,25.136],[-35.204,-123.976]],"v":[[-103.352,-122.102],[-44.727,-184.476],[3.349,-193.384],[103.352,199.799]],"c":true},"ix":2},"nm":"Path 1","mn":"ADBE Vector Shape - Group","hd":false},{"ty":"fl","c":{"a":0,"k":[0.803921628466,0.909803981407,0.996078491211,1],"ix":4},"o":{"a":0,"k":100,"ix":5},"r":1,"bm":0,"nm":"Fill 1","mn":"ADBE Vector Graphic - Fill","hd":false},{"ty":"tr","p":{"a":0,"k":[793.375,359.695],"ix":2},"a":{"a":0,"k":[0,0],"ix":1},"s":{"a":0,"k":[100,100],"ix":3},"r":{"a":0,"k":0,"ix":6},"o":{"a":0,"k":100,"ix":7},"sk":{"a":0,"k":0,"ix":4},"sa":{"a":0,"k":0,"ix":5},"nm":"Transform"}],"nm":"Group 4","np":2,"cix":2,"bm":0,"ix":4,"mn":"ADBE Vector Group","hd":false},{"ty":"gr","it":[{"ind":0,"ty":"sh","ix":1,"ks":{"a":0,"k":{"i":[[40.917,-79.219],[-2.404,18.608],[-47.631,24.892],[-18.719,-11.597],[-1.366,-1.059]],"o":[[-2.47,-15.434],[9.064,-69.937],[24.222,-12.7],[1.484,0.926],[-73.876,51.526]],"v":[[-86.15,112.246],[-86.887,61.537],[17.964,-96.879],[85.009,-100.65],[89.29,-97.673]],"c":true},"ix":2},"nm":"Path 1","mn":"ADBE Vector Shape - Group","hd":false},{"ty":"fl","c":{"a":0,"k":[0.803921628466,0.909803981407,0.996078491211,1],"ix":4},"o":{"a":0,"k":100,"ix":5},"r":1,"bm":0,"nm":"Fill 1","mn":"ADBE Vector Graphic - Fill","hd":false},{"ty":"tr","p":{"a":0,"k":[371.751,359.279],"ix":2},"a":{"a":0,"k":[0,0],"ix":1},"s":{"a":0,"k":[100,100],"ix":3},"r":{"a":0,"k":0,"ix":6},"o":{"a":0,"k":100,"ix":7},"sk":{"a":0,"k":0,"ix":4},"sa":{"a":0,"k":0,"ix":5},"nm":"Transform"}],"nm":"Group 5","np":2,"cix":2,"bm":0,"ix":5,"mn":"ADBE Vector Group","hd":false}],"ip":0,"op":300,"st":0,"bm":0}]}],"layers":[{"ddd":0,"ind":1,"ty":0,"nm":"Doctor","refId":"comp_0","sr":1,"ks":{"o":{"a":0,"k":100,"ix":11},"r":{"a":0,"k":0,"ix":10},"p":{"a":0,"k":[540,540,0],"ix":2},"a":{"a":0,"k":[238.5,380,0],"ix":1},"s":{"a":0,"k":[100,100,100],"ix":6}},"ao":0,"w":477,"h":760,"ip":0,"op":300,"st":0,"bm":0},{"ddd":0,"ind":2,"ty":0,"nm":"Background","refId":"comp_1","sr":1,"ks":{"o":{"a":0,"k":100,"ix":11},"r":{"a":0,"k":0,"ix":10},"p":{"a":0,"k":[540,540,0],"ix":2},"a":{"a":0,"k":[540,540,0],"ix":1},"s":{"a":0,"k":[100,100,100],"ix":6}},"ao":0,"w":1080,"h":1080,"ip":0,"op":300,"st":0,"bm":0}],"markers":[]}