{
  "v": "5.6.5",
  "fr": 29.9700012207031,
  "ip": 0,
  "op": 135.000005498663,
  "w": 214,
  "h": 193,
  "nm": "search",
  "ddd": 0,
  "assets": [],
  "layers": [
    {
      "ddd": 0,
      "ind": 1,
      "ty": 3,
      "nm": "Null 5",
      "sr": 1,
      "ks": {
        "o": { "a": 0, "k": 0, "ix": 11 },
        "r": { "a": 0, "k": 0, "ix": 10 },
        "p": {
          "a": 1,
          "k": [
            {
              "i": { "x": 0.833, "y": 0.833 },
              "o": { "x": 0.167, "y": 0.167 },
              "t": 50,
              "s": [107, 96.5, 0],
              "to": [-18.333, 23.816, 0],
              "ti": [-15.928, 18.958, 0]
            },
            {
              "i": { "x": 0.833, "y": 0.833 },
              "o": { "x": 0.167, "y": 0.167 },
              "t": 70,
              "s": [69.291, 74.543, 0],
              "to": [21.01, -25.007, 0],
              "ti": [5.25, -19, 0]
            },
            { "t": 100.000004073084, "s": [107, 96.5, 0] }
          ],
          "ix": 2
        },
        "a": { "a": 0, "k": [0, 0, 0], "ix": 1 },
        "s": { "a": 0, "k": [100, 100, 100], "ix": 6 }
      },
      "ao": 0,
      "ip": 0,
      "op": 135.000005498663,
      "st": 0,
      "bm": 0
    },
    {
      "ddd": 0,
      "ind": 2,
      "ty": 4,
      "nm": "line",
      "parent": 1,
      "sr": 1,
      "ks": {
        "o": { "a": 0, "k": 100, "ix": 11 },
        "r": { "a": 0, "k": 0, "ix": 10 },
        "p": { "a": 0, "k": [38.5, 36.5, 0], "ix": 2 },
        "a": { "a": 0, "k": [-362.5, 119.5, 0], "ix": 1 },
        "s": { "a": 0, "k": [100, 100, 100], "ix": 6 }
      },
      "ao": 0,
      "shapes": [
        {
          "ty": "gr",
          "it": [
            {
              "ind": 0,
              "ty": "sh",
              "ix": 1,
              "ks": {
                "a": 0,
                "k": {
                  "i": [
                    [0, 0],
                    [0, 0]
                  ],
                  "o": [
                    [0, 0],
                    [0, 0]
                  ],
                  "v": [
                    [-390, 92],
                    [-335, 147]
                  ],
                  "c": false
                },
                "ix": 2
              },
              "nm": "Path 1",
              "mn": "ADBE Vector Shape - Group",
              "hd": false
            },
            {
              "ty": "st",
              "c": { "a": 0, "k": [0.90196078431, 0.6, 0, 1], "ix": 3 },
              "o": { "a": 0, "k": 100, "ix": 4 },
              "w": { "a": 0, "k": 10, "ix": 5 },
              "lc": 1,
              "lj": 1,
              "ml": 4,
              "bm": 0,
              "nm": "Stroke 1",
              "mn": "ADBE Vector Graphic - Stroke",
              "hd": false
            },
            {
              "ty": "tr",
              "p": { "a": 0, "k": [0, 0], "ix": 2 },
              "a": { "a": 0, "k": [0, 0], "ix": 1 },
              "s": { "a": 0, "k": [100, 100], "ix": 3 },
              "r": { "a": 0, "k": 0, "ix": 6 },
              "o": { "a": 0, "k": 100, "ix": 7 },
              "sk": { "a": 0, "k": 0, "ix": 4 },
              "sa": { "a": 0, "k": 0, "ix": 5 },
              "nm": "Transform"
            }
          ],
          "nm": "Shape 1",
          "np": 3,
          "cix": 2,
          "bm": 0,
          "ix": 1,
          "mn": "ADBE Vector Group",
          "hd": false
        },
        {
          "ty": "tm",
          "s": {
            "a": 1,
            "k": [
              {
                "i": { "x": [0.667], "y": [1] },
                "o": { "x": [0.333], "y": [0] },
                "t": 0,
                "s": [100]
              },
              { "t": 20.0000008146167, "s": [0] }
            ],
            "ix": 1
          },
          "e": { "a": 0, "k": 100, "ix": 2 },
          "o": { "a": 0, "k": 0, "ix": 3 },
          "m": 1,
          "ix": 2,
          "nm": "Trim Paths 1",
          "mn": "ADBE Vector Filter - Trim",
          "hd": false
        }
      ],
      "ip": 0,
      "op": 135.000005498663,
      "st": 0,
      "bm": 0
    },
    {
      "ddd": 0,
      "ind": 3,
      "ty": 4,
      "nm": "cirle",
      "parent": 1,
      "sr": 1,
      "ks": {
        "o": { "a": 0, "k": 100, "ix": 11 },
        "r": { "a": 0, "k": 0, "ix": 10 },
        "p": { "a": 0, "k": [-15.5, -15, 0], "ix": 2 },
        "a": { "a": 0, "k": [-408, 14, 0], "ix": 1 },
        "s": { "a": 0, "k": [100, 100, 100], "ix": 6 }
      },
      "ao": 0,
      "shapes": [
        {
          "ty": "gr",
          "it": [
            {
              "d": 1,
              "ty": "el",
              "s": { "a": 0, "k": [80, 80], "ix": 2 },
              "p": { "a": 0, "k": [0, 0], "ix": 3 },
              "nm": "Ellipse Path 1",
              "mn": "ADBE Vector Shape - Ellipse",
              "hd": false
            },
            {
              "ty": "st",
              "c": { "a": 0, "k": [0.90196078431, 0.6, 0, 1], "ix": 3 },
              "o": { "a": 0, "k": 100, "ix": 4 },
              "w": { "a": 0, "k": 10, "ix": 5 },
              "lc": 1,
              "lj": 1,
              "ml": 4,
              "bm": 0,
              "nm": "Stroke 1",
              "mn": "ADBE Vector Graphic - Stroke",
              "hd": false
            },
            {
              "ty": "tr",
              "p": { "a": 0, "k": [-408, 14], "ix": 2 },
              "a": { "a": 0, "k": [0, 0], "ix": 1 },
              "s": { "a": 0, "k": [100, 100], "ix": 3 },
              "r": { "a": 0, "k": 0, "ix": 6 },
              "o": { "a": 0, "k": 100, "ix": 7 },
              "sk": { "a": 0, "k": 0, "ix": 4 },
              "sa": { "a": 0, "k": 0, "ix": 5 },
              "nm": "Transform"
            }
          ],
          "nm": "Ellipse 1",
          "np": 3,
          "cix": 2,
          "bm": 0,
          "ix": 1,
          "mn": "ADBE Vector Group",
          "hd": false
        },
        {
          "ty": "tm",
          "s": {
            "a": 1,
            "k": [
              {
                "i": { "x": [0.833], "y": [0.833] },
                "o": { "x": [0.167], "y": [0.167] },
                "t": 20,
                "s": [50]
              },
              { "t": 40.0000016292334, "s": [0] }
            ],
            "ix": 1
          },
          "e": {
            "a": 1,
            "k": [
              {
                "i": { "x": [0.833], "y": [0.833] },
                "o": { "x": [0.167], "y": [0.167] },
                "t": 20,
                "s": [50]
              },
              { "t": 40.0000016292334, "s": [100] }
            ],
            "ix": 2
          },
          "o": { "a": 0, "k": -51, "ix": 3 },
          "m": 1,
          "ix": 2,
          "nm": "Trim Paths 1",
          "mn": "ADBE Vector Filter - Trim",
          "hd": false
        }
      ],
      "ip": 20.0000008146167,
      "op": 135.000005498663,
      "st": 20.0000008146167,
      "bm": 0
    }
  ],
  "markers": [
    { "tm": 15.0000006109625, "cm": "", "dr": 0 }
  ]
}
