{"v":"5.7.5","fr":100,"ip":0,"op":381.6666666666667,"w":800,"h":600,"nm":"Comp 1","ddd":0,"assets":[{"id":"0","layers":[{"ddd":0,"ind":1,"ty":4,"nm":"Shape 1","sr":1,"ks":{"p":{"a":0,"k":[10000,10000],"ix":2},"a":{"a":0,"k":[0,0],"ix":2},"s":{"a":0,"k":[100,100],"ix":2},"r":{"a":0,"k":0,"ix":2},"o":{"a":0,"k":100,"ix":2}},"ao":0,"shapes":[{"ty":"gr","it":[{"ty":"sh","d":1,"ks":{"a":0,"k":{"c":false,"v":[[-18.534,-244.397],[122.414,-72.414],[-14.813,-44.171],[-136.207,53.017],[-28.546,142.957],[83.621,186.207]],"i":[[0,0],[2.064,-107.339],[67.399,9.257],[1.347,-99.649],[-48.178,-5.888],[-12.931,-32.328]],"o":[[-89.224,178.448],[-14.225,72.414],[-57.502,-7.898],[-0.599,44.312],[56.152,6.863],[0,0]]}}},{"ty":"st","c":{"a":0,"k":[0.34509803921568627,0.34509803921568627,0.34509803921568627],"ix":2},"o":{"a":0,"k":100,"ix":2},"w":{"a":0,"k":2,"ix":2},"lc":1,"lj":1},{"ty":"tm","s":{"a":0,"k":83,"ix":2},"e":{"a":1,"k":[{"t":232,"s":[83],"i":{"x":[1],"y":[1]},"o":{"x":[0],"y":[0]}},{"t":248,"s":[100],"i":{"x":[1],"y":[1]},"o":{"x":[0],"y":[0]}}],"ix":2},"o":{"a":0,"k":0,"ix":2},"m":1},{"ty":"tr","p":{"a":0,"k":[400,270],"ix":2},"a":{"a":0,"k":[0,0],"ix":2},"s":{"a":0,"k":[100,100],"ix":2},"r":{"a":0,"k":0,"ix":2},"o":{"a":0,"k":100,"ix":2},"sk":{"a":0,"k":0,"ix":2},"sa":{"a":0,"k":0,"ix":2}}]}],"ip":0,"op":382.6666666666667,"st":0,"bm":0}]},{"id":"1","layers":[{"ddd":0,"refId":"2","w":20000,"h":20000,"ind":2,"ty":0,"nm":"Circle matte 5 (In/Out)","sr":1,"ks":{"p":{"a":0,"k":[10000,10000],"ix":2},"a":{"a":0,"k":[10000,10000],"ix":2},"s":{"a":0,"k":[100,100],"ix":2},"r":{"a":0,"k":0,"ix":2},"o":{"a":1,"k":[{"t":231,"s":[0],"i":{"x":[1],"y":[1]},"o":{"x":[0],"y":[0]}},{"t":232,"s":[100],"i":{"x":[1],"y":[1]},"o":{"x":[0],"y":[0]}},{"t":381,"s":[100],"i":{"x":[1],"y":[1]},"o":{"x":[0],"y":[0]}},{"t":382,"s":[0],"i":{"x":[1],"y":[1]},"o":{"x":[0],"y":[0]}}],"ix":2}},"ao":0,"ip":0,"op":382.6666666666667,"st":0,"bm":0,"td":1},{"ddd":0,"refId":"0","w":20000,"h":20000,"ind":3,"ty":0,"nm":"Line 3","sr":1,"ks":{"p":{"a":0,"k":[10000,10000],"ix":2},"a":{"a":0,"k":[10000,10000],"ix":2},"s":{"a":0,"k":[100,100],"ix":2},"r":{"a":0,"k":0,"ix":2},"o":{"a":0,"k":100,"ix":2}},"ao":0,"ip":0,"op":382.6666666666667,"st":0,"bm":0,"tt":1}]},{"id":"2","layers":[{"ddd":0,"ind":4,"ty":4,"nm":"Group 2","sr":1,"ks":{"p":{"a":0,"k":[10000,10000],"ix":2},"a":{"a":0,"k":[0,0],"ix":2},"s":{"a":0,"k":[100,100],"ix":2},"r":{"a":0,"k":0,"ix":2},"o":{"a":0,"k":100,"ix":2}},"ao":0,"shapes":[{"ty":"gr","it":[{"ty":"sh","d":1,"ks":{"a":0,"k":{"c":true,"v":[[153.996,-97.42],[57.093,-202.209],[-61.24,-190.914],[-88.465,-157.656],[-91.246,-112.132],[-103.198,-47.369],[-146.969,10.164],[-123.02,118.643],[11.606,201.174],[70.357,178.371],[82.227,108.53],[106.455,25.827],[145.131,-27.603],[153.996,-97.42]],"i":[[0,0],[47.583,13.963],[37.897,-22.451],[4.839,-14.185],[-0.719,-14.753],[15.859,-20.11],[4.696,-27.764],[-28.03,-43.942],[-80.785,-5.554],[-13.631,18.053],[6.733,23.421],[-22.343,26.429],[-8.097,22.555],[0.084,23.04]],"o":[[-0.195,-53.185],[-42.905,-12.59],[-12.456,7.378],[-4.765,13.968],[1.243,25.528],[-15.781,20.008],[-7.272,42.988],[7.673,12.031],[21.234,1.46],[14.926,-19.768],[-9.888,-34.399],[15.022,-17.769],[7.806,-21.743],[0,0]]}}},{"ty":"fl","c":{"a":0,"k":[0.9137254901960784,0.9529411764705882,1],"ix":2},"o":{"a":0,"k":100,"ix":2},"r":1,"bm":0},{"ty":"tm","s":{"a":0,"k":0,"ix":2},"e":{"a":0,"k":100,"ix":2},"o":{"a":0,"k":0,"ix":2},"m":1},{"ty":"tr","p":{"a":0,"k":[398.1520080566406,263.5760192871094],"ix":2},"a":{"a":0,"k":[0,0],"ix":2},"s":{"a":0,"k":[100,100],"ix":2},"r":{"a":0,"k":0,"ix":2},"o":{"a":0,"k":100,"ix":2},"sk":{"a":0,"k":0,"ix":2},"sa":{"a":0,"k":0,"ix":2}}]}],"ip":0,"op":382.6666666666667,"st":0,"bm":0}]},{"id":"3","layers":[{"ddd":0,"ind":5,"ty":4,"nm":"Shape 1","sr":1,"ks":{"p":{"a":0,"k":[10000,10000],"ix":2},"a":{"a":0,"k":[0,0],"ix":2},"s":{"a":0,"k":[100,100],"ix":2},"r":{"a":0,"k":0,"ix":2},"o":{"a":0,"k":100,"ix":2}},"ao":0,"shapes":[{"ty":"gr","it":[{"ty":"sh","d":1,"ks":{"a":0,"k":{"c":false,"v":[[-18.534,-244.397],[122.414,-72.414],[-14.813,-44.171],[-136.207,53.017],[-28.546,142.957],[83.621,186.207]],"i":[[0,0],[2.064,-107.339],[67.399,9.257],[1.347,-99.649],[-48.178,-5.888],[-12.931,-32.328]],"o":[[-89.224,178.448],[-14.225,72.414],[-57.502,-7.898],[-0.599,44.312],[56.152,6.863],[0,0]]}}},{"ty":"st","c":{"a":0,"k":[0.34509803921568627,0.34509803921568627,0.34509803921568627],"ix":2},"o":{"a":0,"k":100,"ix":2},"w":{"a":0,"k":2,"ix":2},"lc":1,"lj":1},{"ty":"tm","s":{"a":0,"k":0,"ix":2},"e":{"a":1,"k":[{"t":148,"s":[0],"i":{"x":[1],"y":[1]},"o":{"x":[0],"y":[0]}},{"t":193,"s":[44],"i":{"x":[1],"y":[1]},"o":{"x":[0],"y":[0]}}],"ix":2},"o":{"a":0,"k":0,"ix":2},"m":1},{"ty":"tr","p":{"a":0,"k":[400,270],"ix":2},"a":{"a":0,"k":[0,0],"ix":2},"s":{"a":0,"k":[100,100],"ix":2},"r":{"a":0,"k":0,"ix":2},"o":{"a":0,"k":100,"ix":2},"sk":{"a":0,"k":0,"ix":2},"sa":{"a":0,"k":0,"ix":2}}]}],"ip":0,"op":382.6666666666667,"st":0,"bm":0}]},{"id":"4","layers":[{"ddd":0,"refId":"5","w":20000,"h":20000,"ind":6,"ty":0,"nm":"Circle matte 3 (In/Out)","sr":1,"ks":{"p":{"a":0,"k":[10000,10000],"ix":2},"a":{"a":0,"k":[10000,10000],"ix":2},"s":{"a":0,"k":[100,100],"ix":2},"r":{"a":0,"k":0,"ix":2},"o":{"a":1,"k":[{"t":147,"s":[0],"i":{"x":[1],"y":[1]},"o":{"x":[0],"y":[0]}},{"t":148,"s":[100],"i":{"x":[1],"y":[1]},"o":{"x":[0],"y":[0]}},{"t":381,"s":[100],"i":{"x":[1],"y":[1]},"o":{"x":[0],"y":[0]}},{"t":382,"s":[0],"i":{"x":[1],"y":[1]},"o":{"x":[0],"y":[0]}}],"ix":2}},"ao":0,"ip":0,"op":382.6666666666667,"st":0,"bm":0,"td":1},{"ddd":0,"refId":"3","w":20000,"h":20000,"ind":7,"ty":0,"nm":"Line","sr":1,"ks":{"p":{"a":0,"k":[10000,10000],"ix":2},"a":{"a":0,"k":[10000,10000],"ix":2},"s":{"a":0,"k":[100,100],"ix":2},"r":{"a":0,"k":0,"ix":2},"o":{"a":0,"k":100,"ix":2}},"ao":0,"ip":0,"op":382.6666666666667,"st":0,"bm":0,"tt":1}]},{"id":"5","layers":[{"ddd":0,"ind":8,"ty":4,"nm":"Group 2","sr":1,"ks":{"p":{"a":0,"k":[10000,10000],"ix":2},"a":{"a":0,"k":[0,0],"ix":2},"s":{"a":0,"k":[100,100],"ix":2},"r":{"a":0,"k":0,"ix":2},"o":{"a":0,"k":100,"ix":2}},"ao":0,"shapes":[{"ty":"gr","it":[{"ty":"sh","d":1,"ks":{"a":0,"k":{"c":true,"v":[[153.996,-97.42],[57.093,-202.209],[-61.24,-190.914],[-88.465,-157.656],[-91.246,-112.132],[-103.198,-47.369],[-146.969,10.164],[-123.02,118.643],[11.606,201.174],[70.357,178.371],[82.227,108.53],[106.455,25.827],[145.131,-27.603],[153.996,-97.42]],"i":[[0,0],[47.583,13.963],[37.897,-22.451],[4.839,-14.185],[-0.719,-14.753],[15.859,-20.11],[4.696,-27.764],[-28.03,-43.942],[-80.785,-5.554],[-13.631,18.053],[6.733,23.421],[-22.343,26.429],[-8.097,22.555],[0.084,23.04]],"o":[[-0.195,-53.185],[-42.905,-12.59],[-12.456,7.378],[-4.765,13.968],[1.243,25.528],[-15.781,20.008],[-7.272,42.988],[7.673,12.031],[21.234,1.46],[14.926,-19.768],[-9.888,-34.399],[15.022,-17.769],[7.806,-21.743],[0,0]]}}},{"ty":"fl","c":{"a":0,"k":[0.9137254901960784,0.9529411764705882,1],"ix":2},"o":{"a":0,"k":100,"ix":2},"r":1,"bm":0},{"ty":"tm","s":{"a":0,"k":0,"ix":2},"e":{"a":0,"k":100,"ix":2},"o":{"a":0,"k":0,"ix":2},"m":1},{"ty":"tr","p":{"a":0,"k":[398.1520080566406,263.5760192871094],"ix":2},"a":{"a":0,"k":[0,0],"ix":2},"s":{"a":0,"k":[100,100],"ix":2},"r":{"a":0,"k":0,"ix":2},"o":{"a":0,"k":100,"ix":2},"sk":{"a":0,"k":0,"ix":2},"sa":{"a":0,"k":0,"ix":2}}]}],"ip":0,"op":382.6666666666667,"st":0,"bm":0}]},{"id":"6","layers":[{"ddd":0,"ind":9,"ty":3,"nm":"","sr":1,"ks":{"p":{"a":0,"k":[10391.031,10287.496],"ix":2},"a":{"a":0,"k":[-7.121,23.92],"ix":2},"s":{"a":1,"k":[{"t":82,"s":[0,0],"i":{"x":[1],"y":[1]},"o":{"x":[0],"y":[0]}},{"t":115,"s":[100,100],"i":{"x":[1],"y":[1]},"o":{"x":[0],"y":[0]}},{"t":117,"s":[103.91699999999999,103.91699999999999],"i":{"x":[1],"y":[1]},"o":{"x":[0],"y":[0]}},{"t":118,"s":[107.01899999999999,107.01899999999999],"i":{"x":[1],"y":[1]},"o":{"x":[0],"y":[0]}},{"t":120,"s":[109.372,109.372],"i":{"x":[1],"y":[1]},"o":{"x":[0],"y":[0]}},{"t":122,"s":[111.04799999999999,111.04799999999999],"i":{"x":[1],"y":[1]},"o":{"x":[0],"y":[0]}},{"t":123,"s":[112.12599999999999,112.12599999999999],"i":{"x":[1],"y":[1]},"o":{"x":[0],"y":[0]}},{"t":125,"s":[112.68499999999999,112.68499999999999],"i":{"x":[1],"y":[1]},"o":{"x":[0],"y":[0]}},{"t":127,"s":[112.80399999999999,112.80399999999999],"i":{"x":[1],"y":[1]},"o":{"x":[0],"y":[0]}},{"t":128,"s":[112.561,112.561],"i":{"x":[1],"y":[1]},"o":{"x":[0],"y":[0]}},{"t":130,"s":[112.02600000000001,112.02600000000001],"i":{"x":[1],"y":[1]},"o":{"x":[0],"y":[0]}},{"t":132,"s":[111.26799999999999,111.26799999999999],"i":{"x":[1],"y":[1]},"o":{"x":[0],"y":[0]}},{"t":133,"s":[110.347,110.347],"i":{"x":[1],"y":[1]},"o":{"x":[0],"y":[0]}},{"t":135,"s":[109.31599999999999,109.31599999999999],"i":{"x":[1],"y":[1]},"o":{"x":[0],"y":[0]}},{"t":137,"s":[108.225,108.225],"i":{"x":[1],"y":[1]},"o":{"x":[0],"y":[0]}},{"t":138,"s":[107.111,107.111],"i":{"x":[1],"y":[1]},"o":{"x":[0],"y":[0]}},{"t":140,"s":[106.01,106.01],"i":{"x":[1],"y":[1]},"o":{"x":[0],"y":[0]}},{"t":142,"s":[104.948,104.948],"i":{"x":[1],"y":[1]},"o":{"x":[0],"y":[0]}},{"t":143,"s":[103.94699999999999,103.94699999999999],"i":{"x":[1],"y":[1]},"o":{"x":[0],"y":[0]}},{"t":145,"s":[103.02199999999999,103.02199999999999],"i":{"x":[1],"y":[1]},"o":{"x":[0],"y":[0]}},{"t":147,"s":[102.18400000000001,102.18400000000001],"i":{"x":[1],"y":[1]},"o":{"x":[0],"y":[0]}},{"t":148,"s":[101.44,101.44],"i":{"x":[1],"y":[1]},"o":{"x":[0],"y":[0]}},{"t":150,"s":[100.79199999999999,100.79199999999999],"i":{"x":[1],"y":[1]},"o":{"x":[0],"y":[0]}},{"t":152,"s":[100.24,100.24],"i":{"x":[1],"y":[1]},"o":{"x":[0],"y":[0]}},{"t":153,"s":[99.782,99.782],"i":{"x":[1],"y":[1]},"o":{"x":[0],"y":[0]}},{"t":155,"s":[99.413,99.413],"i":{"x":[1],"y":[1]},"o":{"x":[0],"y":[0]}},{"t":157,"s":[99.127,99.127],"i":{"x":[1],"y":[1]},"o":{"x":[0],"y":[0]}},{"t":158,"s":[98.915,98.915],"i":{"x":[1],"y":[1]},"o":{"x":[0],"y":[0]}},{"t":160,"s":[98.771,98.771],"i":{"x":[1],"y":[1]},"o":{"x":[0],"y":[0]}},{"t":162,"s":[98.686,98.686],"i":{"x":[1],"y":[1]},"o":{"x":[0],"y":[0]}},{"t":163,"s":[98.651,98.651],"i":{"x":[1],"y":[1]},"o":{"x":[0],"y":[0]}},{"t":165,"s":[98.659,98.659],"i":{"x":[1],"y":[1]},"o":{"x":[0],"y":[0]}},{"t":167,"s":[98.701,98.701],"i":{"x":[1],"y":[1]},"o":{"x":[0],"y":[0]}},{"t":168,"s":[98.77,98.77],"i":{"x":[1],"y":[1]},"o":{"x":[0],"y":[0]}},{"t":170,"s":[98.859,98.859],"i":{"x":[1],"y":[1]},"o":{"x":[0],"y":[0]}},{"t":172,"s":[98.963,98.963],"i":{"x":[1],"y":[1]},"o":{"x":[0],"y":[0]}},{"t":173,"s":[99.075,99.075],"i":{"x":[1],"y":[1]},"o":{"x":[0],"y":[0]}},{"t":175,"s":[99.192,99.192],"i":{"x":[1],"y":[1]},"o":{"x":[0],"y":[0]}},{"t":177,"s":[99.309,99.309],"i":{"x":[1],"y":[1]},"o":{"x":[0],"y":[0]}},{"t":178,"s":[99.423,99.423],"i":{"x":[1],"y":[1]},"o":{"x":[0],"y":[0]}},{"t":180,"s":[99.532,99.532],"i":{"x":[1],"y":[1]},"o":{"x":[0],"y":[0]}},{"t":182,"s":[99.634,99.634],"i":{"x":[1],"y":[1]},"o":{"x":[0],"y":[0]}},{"t":183,"s":[99.727,99.727],"i":{"x":[1],"y":[1]},"o":{"x":[0],"y":[0]}},{"t":185,"s":[99.81,99.81],"i":{"x":[1],"y":[1]},"o":{"x":[0],"y":[0]}},{"t":187,"s":[99.884,99.884],"i":{"x":[1],"y":[1]},"o":{"x":[0],"y":[0]}},{"t":188,"s":[99.947,99.947],"i":{"x":[1],"y":[1]},"o":{"x":[0],"y":[0]}},{"t":190,"s":[100,100],"i":{"x":[1],"y":[1]},"o":{"x":[0],"y":[0]}},{"t":192,"s":[100.044,100.044],"i":{"x":[1],"y":[1]},"o":{"x":[0],"y":[0]}},{"t":193,"s":[100.078,100.078],"i":{"x":[1],"y":[1]},"o":{"x":[0],"y":[0]}},{"t":195,"s":[100.104,100.104],"i":{"x":[1],"y":[1]},"o":{"x":[0],"y":[0]}},{"t":197,"s":[100.123,100.123],"i":{"x":[1],"y":[1]},"o":{"x":[0],"y":[0]}},{"t":198,"s":[100.13499999999999,100.13499999999999],"i":{"x":[1],"y":[1]},"o":{"x":[0],"y":[0]}},{"t":200,"s":[100.14099999999999,100.14099999999999],"i":{"x":[1],"y":[1]},"o":{"x":[0],"y":[0]}},{"t":202,"s":[100.142,100.142],"i":{"x":[1],"y":[1]},"o":{"x":[0],"y":[0]}},{"t":203,"s":[100.14,100.14],"i":{"x":[1],"y":[1]},"o":{"x":[0],"y":[0]}},{"t":205,"s":[100.13399999999999,100.13399999999999],"i":{"x":[1],"y":[1]},"o":{"x":[0],"y":[0]}},{"t":207,"s":[100.125,100.125],"i":{"x":[1],"y":[1]},"o":{"x":[0],"y":[0]}},{"t":208,"s":[100.115,100.115],"i":{"x":[1],"y":[1]},"o":{"x":[0],"y":[0]}},{"t":210,"s":[100.10300000000001,100.10300000000001],"i":{"x":[1],"y":[1]},"o":{"x":[0],"y":[0]}},{"t":212,"s":[100.091,100.091],"i":{"x":[1],"y":[1]},"o":{"x":[0],"y":[0]}},{"t":213,"s":[100.07900000000001,100.07900000000001],"i":{"x":[1],"y":[1]},"o":{"x":[0],"y":[0]}},{"t":215,"s":[100.067,100.067],"i":{"x":[1],"y":[1]},"o":{"x":[0],"y":[0]}},{"t":217,"s":[100.055,100.055],"i":{"x":[1],"y":[1]},"o":{"x":[0],"y":[0]}},{"t":218,"s":[100.044,100.044],"i":{"x":[1],"y":[1]},"o":{"x":[0],"y":[0]}},{"t":220,"s":[100.034,100.034],"i":{"x":[1],"y":[1]},"o":{"x":[0],"y":[0]}},{"t":222,"s":[100.024,100.024],"i":{"x":[1],"y":[1]},"o":{"x":[0],"y":[0]}},{"t":223,"s":[100.01599999999999,100.01599999999999],"i":{"x":[1],"y":[1]},"o":{"x":[0],"y":[0]}},{"t":225,"s":[100.00899999999999,100.00899999999999],"i":{"x":[1],"y":[1]},"o":{"x":[0],"y":[0]}},{"t":227,"s":[100.003,100.003],"i":{"x":[1],"y":[1]},"o":{"x":[0],"y":[0]}},{"t":228,"s":[99.998,99.998],"i":{"x":[1],"y":[1]},"o":{"x":[0],"y":[0]}},{"t":230,"s":[99.993,99.993],"i":{"x":[1],"y":[1]},"o":{"x":[0],"y":[0]}},{"t":232,"s":[99.99,99.99],"i":{"x":[1],"y":[1]},"o":{"x":[0],"y":[0]}},{"t":233,"s":[99.988,99.988],"i":{"x":[1],"y":[1]},"o":{"x":[0],"y":[0]}},{"t":235,"s":[99.986,99.986],"i":{"x":[1],"y":[1]},"o":{"x":[0],"y":[0]}},{"t":237,"s":[99.985,99.985],"i":{"x":[1],"y":[1]},"o":{"x":[0],"y":[0]}},{"t":238,"s":[99.985,99.985],"i":{"x":[1],"y":[1]},"o":{"x":[0],"y":[0]}},{"t":240,"s":[99.985,99.985],"i":{"x":[1],"y":[1]},"o":{"x":[0],"y":[0]}},{"t":242,"s":[99.986,99.986],"i":{"x":[1],"y":[1]},"o":{"x":[0],"y":[0]}},{"t":243,"s":[99.986,99.986],"i":{"x":[1],"y":[1]},"o":{"x":[0],"y":[0]}},{"t":245,"s":[99.987,99.987],"i":{"x":[1],"y":[1]},"o":{"x":[0],"y":[0]}},{"t":247,"s":[99.988,99.988],"i":{"x":[1],"y":[1]},"o":{"x":[0],"y":[0]}},{"t":248,"s":[99.99,99.99],"i":{"x":[1],"y":[1]},"o":{"x":[0],"y":[0]}},{"t":250,"s":[99.991,99.991],"i":{"x":[1],"y":[1]},"o":{"x":[0],"y":[0]}},{"t":252,"s":[99.992,99.992],"i":{"x":[1],"y":[1]},"o":{"x":[0],"y":[0]}},{"t":253,"s":[99.994,99.994],"i":{"x":[1],"y":[1]},"o":{"x":[0],"y":[0]}},{"t":255,"s":[99.995,99.995],"i":{"x":[1],"y":[1]},"o":{"x":[0],"y":[0]}},{"t":257,"s":[99.996,99.996],"i":{"x":[1],"y":[1]},"o":{"x":[0],"y":[0]}}],"ix":2},"r":{"a":0,"k":0,"ix":2},"o":{"a":0,"k":100,"ix":2}},"ao":0,"ip":0,"op":382.6666666666667,"st":0,"bm":0},{"ddd":0,"ind":10,"ty":4,"nm":"Group 1","sr":1,"ks":{"p":{"a":0,"k":[0,0],"ix":2},"a":{"a":0,"k":[0,0],"ix":2},"s":{"a":0,"k":[100,100],"ix":2},"r":{"a":0,"k":0,"ix":2},"o":{"a":0,"k":100,"ix":2}},"ao":0,"parent":9,"shapes":[{"ty":"gr","it":[{"ty":"sh","d":1,"ks":{"a":0,"k":{"c":true,"v":[[33.242,-107.294],[-7.121,-66.93],[-47.485,-107.294],[-7.121,-147.655],[33.242,-107.294]],"i":[[0,0],[22.292,0],[0,22.294],[-22.292,0],[0,-22.291]],"o":[[0,22.294],[-22.292,0],[0,-22.291],[22.292,0],[0,0]]}}},{"ty":"fl","c":{"a":0,"k":[1,1,1],"ix":2},"o":{"a":0,"k":100,"ix":2},"r":1,"bm":0},{"ty":"tm","s":{"a":0,"k":0,"ix":2},"e":{"a":0,"k":100,"ix":2},"o":{"a":0,"k":0,"ix":2},"m":1},{"ty":"tr","p":{"a":0,"k":[0,0],"ix":2},"a":{"a":0,"k":[0,0],"ix":2},"s":{"a":0,"k":[100,100],"ix":2},"r":{"a":0,"k":0,"ix":2},"o":{"a":0,"k":100,"ix":2},"sk":{"a":0,"k":0,"ix":2},"sa":{"a":0,"k":0,"ix":2}}]}],"ip":0,"op":382.6666666666667,"st":0,"bm":0},{"ddd":0,"ind":11,"ty":4,"nm":"Group 2","sr":1,"ks":{"p":{"a":0,"k":[0,0],"ix":2},"a":{"a":0,"k":[0,0],"ix":2},"s":{"a":0,"k":[100,100],"ix":2},"r":{"a":0,"k":0,"ix":2},"o":{"a":0,"k":100,"ix":2}},"ao":0,"parent":9,"shapes":[{"ty":"gr","it":[{"ty":"sh","d":1,"ks":{"a":0,"k":{"c":true,"v":[[62.385,-105.099],[-7.121,23.92],[-76.627,-105.099],[-7.121,-174.605],[62.385,-105.099]],"i":[[0,0],[0,0],[0,38.394],[-38.388,0],[0,-38.382]],"o":[[0,38.394],[0,0],[0,-38.382],[38.385,0],[0,0]]}}},{"ty":"fl","c":{"a":0,"k":[0.8392156862745098,0.3176470588235294,0.3176470588235294],"ix":2},"o":{"a":0,"k":100,"ix":2},"r":1,"bm":0},{"ty":"tm","s":{"a":0,"k":0,"ix":2},"e":{"a":0,"k":100,"ix":2},"o":{"a":0,"k":0,"ix":2},"m":1},{"ty":"tr","p":{"a":0,"k":[0,0],"ix":2},"a":{"a":0,"k":[0,0],"ix":2},"s":{"a":0,"k":[100,100],"ix":2},"r":{"a":0,"k":0,"ix":2},"o":{"a":0,"k":100,"ix":2},"sk":{"a":0,"k":0,"ix":2},"sa":{"a":0,"k":0,"ix":2}}]}],"ip":0,"op":382.6666666666667,"st":0,"bm":0}]},{"id":"7","layers":[{"ddd":0,"ind":12,"ty":3,"nm":"","sr":1,"ks":{"p":{"a":1,"k":[{"t":63,"s":[10389.258,10610.45],"i":{"x":[1],"y":[1]},"o":{"x":[0],"y":[0]},"ti":[0,0],"to":[0,0]},{"t":97,"s":[10389.258,10392.45],"i":{"x":[1],"y":[1]},"o":{"x":[0],"y":[0]}}],"ix":2},"a":{"a":0,"k":[-8.894,98.874],"ix":2},"s":{"a":0,"k":[100,100],"ix":2},"r":{"a":0,"k":0,"ix":2},"o":{"a":0,"k":100,"ix":2}},"ao":0,"ip":0,"op":382.6666666666667,"st":0,"bm":0},{"ddd":0,"ind":13,"ty":4,"nm":"Group 1","sr":1,"ks":{"p":{"a":0,"k":[0,0],"ix":2},"a":{"a":0,"k":[0,0],"ix":2},"s":{"a":0,"k":[100,100],"ix":2},"r":{"a":0,"k":0,"ix":2},"o":{"a":0,"k":100,"ix":2}},"ao":0,"parent":12,"shapes":[{"ty":"gr","it":[{"ty":"sh","d":1,"ks":{"a":0,"k":{"c":true,"v":[[24.336,47.368],[28.796,59.153],[35.171,47.368],[24.336,47.368]],"i":[[0,0],[2.718,-7.6],[0.373,4.522],[5.563,-5.718]],"o":[[0,0],[3.631,-3.113],[-0.374,-4.522],[0,0]]}}},{"ty":"fl","c":{"a":0,"k":[0.9764705882352941,0.8666666666666667,0.7725490196078432],"ix":2},"o":{"a":0,"k":100,"ix":2},"r":1,"bm":0},{"ty":"tm","s":{"a":0,"k":0,"ix":2},"e":{"a":0,"k":100,"ix":2},"o":{"a":0,"k":0,"ix":2},"m":1},{"ty":"tr","p":{"a":0,"k":[0,0],"ix":2},"a":{"a":0,"k":[0,0],"ix":2},"s":{"a":0,"k":[100,100],"ix":2},"r":{"a":0,"k":0,"ix":2},"o":{"a":0,"k":100,"ix":2},"sk":{"a":0,"k":0,"ix":2},"sa":{"a":0,"k":0,"ix":2}}]}],"ip":0,"op":382.6666666666667,"st":0,"bm":0},{"ddd":0,"ind":14,"ty":4,"nm":"Group 2","sr":1,"ks":{"p":{"a":0,"k":[0,0],"ix":2},"a":{"a":0,"k":[0,0],"ix":2},"s":{"a":0,"k":[100,100],"ix":2},"r":{"a":0,"k":0,"ix":2},"o":{"a":0,"k":100,"ix":2}},"ao":0,"parent":12,"shapes":[{"ty":"gr","it":[{"ty":"sh","d":1,"ks":{"a":0,"k":{"c":true,"v":[[31.311,38.734],[34.797,35.246],[34.414,31.94],[25.916,31.959],[25.916,38.254],[18.957,48.593],[31.311,38.734]],"i":[[0,0],[-0.5,1.494],[0.619,1.003],[3.326,-1.111],[0,0],[1.355,-6.417],[-5.304,1.765]],"o":[[1.492,-0.5],[0.298,-0.89],[-2.315,-0.958],[0,4.441],[0,0],[2.76,-4.564],[0,0]]}}},{"ty":"fl","c":{"a":0,"k":[0.9686274509803922,0.7333333333333333,0.5725490196078431],"ix":2},"o":{"a":0,"k":100,"ix":2},"r":1,"bm":0},{"ty":"tm","s":{"a":0,"k":0,"ix":2},"e":{"a":0,"k":100,"ix":2},"o":{"a":0,"k":0,"ix":2},"m":1},{"ty":"tr","p":{"a":0,"k":[0,0],"ix":2},"a":{"a":0,"k":[0,0],"ix":2},"s":{"a":0,"k":[100,100],"ix":2},"r":{"a":0,"k":0,"ix":2},"o":{"a":0,"k":100,"ix":2},"sk":{"a":0,"k":0,"ix":2},"sa":{"a":0,"k":0,"ix":2}}]}],"ip":0,"op":382.6666666666667,"st":0,"bm":0},{"ddd":0,"ind":15,"ty":4,"nm":"Group 3","sr":1,"ks":{"p":{"a":0,"k":[0,0],"ix":2},"a":{"a":0,"k":[0,0],"ix":2},"s":{"a":0,"k":[100,100],"ix":2},"r":{"a":0,"k":0,"ix":2},"o":{"a":0,"k":100,"ix":2}},"ao":0,"parent":12,"shapes":[{"ty":"gr","it":[{"ty":"sh","d":1,"ks":{"a":0,"k":{"c":true,"v":[[25.916,38.254],[18.889,53.843],[36.789,53.843],[25.916,31.959],[25.916,38.254]],"i":[[0,0],[-1.736,-9.464],[-9.133,8.469],[14.317,-4.774],[0,0]],"o":[[0,0],[1.736,9.466],[9.135,-8.467],[0,4.441],[0,0]]}}},{"ty":"fl","c":{"a":0,"k":[1,0.7843137254901961,0.6235294117647059],"ix":2},"o":{"a":0,"k":100,"ix":2},"r":1,"bm":0},{"ty":"tm","s":{"a":0,"k":0,"ix":2},"e":{"a":0,"k":100,"ix":2},"o":{"a":0,"k":0,"ix":2},"m":1},{"ty":"tr","p":{"a":0,"k":[0,0],"ix":2},"a":{"a":0,"k":[0,0],"ix":2},"s":{"a":0,"k":[100,100],"ix":2},"r":{"a":0,"k":0,"ix":2},"o":{"a":0,"k":100,"ix":2},"sk":{"a":0,"k":0,"ix":2},"sa":{"a":0,"k":0,"ix":2}}]}],"ip":0,"op":382.6666666666667,"st":0,"bm":0},{"ddd":0,"ind":16,"ty":4,"nm":"Group 1","sr":1,"ks":{"p":{"a":0,"k":[0,0],"ix":2},"a":{"a":0,"k":[0,0],"ix":2},"s":{"a":0,"k":[100,100],"ix":2},"r":{"a":0,"k":0,"ix":2},"o":{"a":0,"k":100,"ix":2}},"ao":0,"parent":12,"shapes":[{"ty":"gr","it":[{"ty":"sh","d":1,"ks":{"a":0,"k":{"c":true,"v":[[24.959,68.311],[28.299,80.053],[37.288,67.128],[24.959,68.311]],"i":[[0,0],[1.562,-5.329],[0.374,4.526],[8.095,-6.496]],"o":[[0,0],[7.826,-4.956],[-0.373,-4.526],[0,0]]}}},{"ty":"fl","c":{"a":0,"k":[0.9764705882352941,0.8666666666666667,0.7725490196078432],"ix":2},"o":{"a":0,"k":100,"ix":2},"r":1,"bm":0},{"ty":"tm","s":{"a":0,"k":0,"ix":2},"e":{"a":0,"k":100,"ix":2},"o":{"a":0,"k":0,"ix":2},"m":1},{"ty":"tr","p":{"a":0,"k":[0,0],"ix":2},"a":{"a":0,"k":[0,0],"ix":2},"s":{"a":0,"k":[100,100],"ix":2},"r":{"a":0,"k":0,"ix":2},"o":{"a":0,"k":100,"ix":2},"sk":{"a":0,"k":0,"ix":2},"sa":{"a":0,"k":0,"ix":2}}]}],"ip":0,"op":382.6666666666667,"st":0,"bm":0},{"ddd":0,"ind":17,"ty":4,"nm":"Group 2","sr":1,"ks":{"p":{"a":0,"k":[0,0],"ix":2},"a":{"a":0,"k":[0,0],"ix":2},"s":{"a":0,"k":[100,100],"ix":2},"r":{"a":0,"k":0,"ix":2},"o":{"a":0,"k":100,"ix":2}},"ao":0,"parent":12,"shapes":[{"ty":"gr","it":[{"ty":"sh","d":1,"ks":{"a":0,"k":{"c":true,"v":[[39.824,51.762],[33.548,53.113],[31.607,59.196],[19.764,75.098],[39.824,51.762]],"i":[[0,0],[2.219,-0.875],[0,0],[-2.397,-13.368],[-0.314,8.62]],"o":[[-1.94,0.05],[-1.351,4.232],[0,0],[-1.103,-9.63],[0,0]]}}},{"ty":"fl","c":{"a":0,"k":[0.9686274509803922,0.7333333333333333,0.5725490196078431],"ix":2},"o":{"a":0,"k":100,"ix":2},"r":1,"bm":0},{"ty":"tm","s":{"a":0,"k":0,"ix":2},"e":{"a":0,"k":100,"ix":2},"o":{"a":0,"k":0,"ix":2},"m":1},{"ty":"tr","p":{"a":0,"k":[0,0],"ix":2},"a":{"a":0,"k":[0,0],"ix":2},"s":{"a":0,"k":[100,100],"ix":2},"r":{"a":0,"k":0,"ix":2},"o":{"a":0,"k":100,"ix":2},"sk":{"a":0,"k":0,"ix":2},"sa":{"a":0,"k":0,"ix":2}}]}],"ip":0,"op":382.6666666666667,"st":0,"bm":0},{"ddd":0,"ind":18,"ty":4,"nm":"Group 3","sr":1,"ks":{"p":{"a":0,"k":[0,0],"ix":2},"a":{"a":0,"k":[0,0],"ix":2},"s":{"a":0,"k":[100,100],"ix":2},"r":{"a":0,"k":0,"ix":2},"o":{"a":0,"k":100,"ix":2}},"ao":0,"parent":12,"shapes":[{"ty":"gr","it":[{"ty":"sh","d":1,"ks":{"a":0,"k":{"c":true,"v":[[31.607,59.196],[19.768,70.698],[35.281,78.17],[33.548,53.113],[31.607,59.196]],"i":[[0,0],[1.225,-9.543],[-10.759,6.272],[15.943,-6.285],[0,0]],"o":[[0,0],[-1.223,9.547],[25.004,-14.586],[-1.351,4.232],[0,0]]}}},{"ty":"fl","c":{"a":0,"k":[1,0.7843137254901961,0.6235294117647059],"ix":2},"o":{"a":0,"k":100,"ix":2},"r":1,"bm":0},{"ty":"tm","s":{"a":0,"k":0,"ix":2},"e":{"a":0,"k":100,"ix":2},"o":{"a":0,"k":0,"ix":2},"m":1},{"ty":"tr","p":{"a":0,"k":[0,0],"ix":2},"a":{"a":0,"k":[0,0],"ix":2},"s":{"a":0,"k":[100,100],"ix":2},"r":{"a":0,"k":0,"ix":2},"o":{"a":0,"k":100,"ix":2},"sk":{"a":0,"k":0,"ix":2},"sa":{"a":0,"k":0,"ix":2}}]}],"ip":0,"op":382.6666666666667,"st":0,"bm":0},{"ddd":0,"ind":19,"ty":4,"nm":"Group 1","sr":1,"ks":{"p":{"a":0,"k":[0,0],"ix":2},"a":{"a":0,"k":[0,0],"ix":2},"s":{"a":0,"k":[100,100],"ix":2},"r":{"a":0,"k":0,"ix":2},"o":{"a":0,"k":100,"ix":2}},"ao":0,"parent":12,"shapes":[{"ty":"gr","it":[{"ty":"sh","d":1,"ks":{"a":0,"k":{"c":true,"v":[[-49.889,24.785],[-50.801,8.01],[-58.422,26.404],[-49.889,24.785]],"i":[[0,0],[9.228,2.675],[2.499,-5.982],[-1.885,2.197]],"o":[[4.88,-5.858],[-1.965,4.493],[3.177,0.993],[0,0]]}}},{"ty":"fl","c":{"a":0,"k":[0.9764705882352941,0.8666666666666667,0.7725490196078432],"ix":2},"o":{"a":0,"k":100,"ix":2},"r":1,"bm":0},{"ty":"tm","s":{"a":0,"k":0,"ix":2},"e":{"a":0,"k":100,"ix":2},"o":{"a":0,"k":0,"ix":2},"m":1},{"ty":"tr","p":{"a":0,"k":[0,0],"ix":2},"a":{"a":0,"k":[0,0],"ix":2},"s":{"a":0,"k":[100,100],"ix":2},"r":{"a":0,"k":0,"ix":2},"o":{"a":0,"k":100,"ix":2},"sk":{"a":0,"k":0,"ix":2},"sa":{"a":0,"k":0,"ix":2}}]}],"ip":0,"op":382.6666666666667,"st":0,"bm":0},{"ddd":0,"ind":20,"ty":4,"nm":"Group 1","sr":1,"ks":{"p":{"a":0,"k":[0,0],"ix":2},"a":{"a":0,"k":[0,0],"ix":2},"s":{"a":0,"k":[100,100],"ix":2},"r":{"a":0,"k":0,"ix":2},"o":{"a":0,"k":100,"ix":2}},"ao":0,"parent":12,"shapes":[{"ty":"gr","it":[{"ty":"sh","d":1,"ks":{"a":0,"k":{"c":true,"v":[[22.551,93.602],[25.89,103.621],[34.88,92.591],[22.551,93.602]],"i":[[0,0],[-2.635,-4.383],[0.37,3.86],[8.093,-5.54]],"o":[[0,0],[7.826,-4.228],[-0.374,-3.858],[0,0]]}}},{"ty":"fl","c":{"a":0,"k":[0.9764705882352941,0.8666666666666667,0.7725490196078432],"ix":2},"o":{"a":0,"k":100,"ix":2},"r":1,"bm":0},{"ty":"tm","s":{"a":0,"k":0,"ix":2},"e":{"a":0,"k":100,"ix":2},"o":{"a":0,"k":0,"ix":2},"m":1},{"ty":"tr","p":{"a":0,"k":[0,0],"ix":2},"a":{"a":0,"k":[0,0],"ix":2},"s":{"a":0,"k":[100,100],"ix":2},"r":{"a":0,"k":0,"ix":2},"o":{"a":0,"k":100,"ix":2},"sk":{"a":0,"k":0,"ix":2},"sa":{"a":0,"k":0,"ix":2}}]}],"ip":0,"op":382.6666666666667,"st":0,"bm":0},{"ddd":0,"ind":21,"ty":4,"nm":"Group 2","sr":1,"ks":{"p":{"a":0,"k":[0,0],"ix":2},"a":{"a":0,"k":[0,0],"ix":2},"s":{"a":0,"k":[100,100],"ix":2},"r":{"a":0,"k":0,"ix":2},"o":{"a":0,"k":100,"ix":2}},"ao":0,"parent":12,"shapes":[{"ty":"gr","it":[{"ty":"sh","d":1,"ks":{"a":0,"k":{"c":true,"v":[[45.484,74.055],[39.404,72.231],[28.324,82.763],[18.076,100.995],[24.429,88.797],[45.484,74.055]],"i":[[0,0],[2.046,0.399],[0,0],[-4.201,-13.568],[-4.452,1.059],[-5.925,7.222]],"o":[[-1.895,-0.838],[-1.349,4.236],[0,0],[-1.711,-5.972],[9.752,-2.311],[0,0]]}}},{"ty":"fl","c":{"a":0,"k":[0.9686274509803922,0.7333333333333333,0.5725490196078431],"ix":2},"o":{"a":0,"k":100,"ix":2},"r":1,"bm":0},{"ty":"tm","s":{"a":0,"k":0,"ix":2},"e":{"a":0,"k":100,"ix":2},"o":{"a":0,"k":0,"ix":2},"m":1},{"ty":"tr","p":{"a":0,"k":[0,0],"ix":2},"a":{"a":0,"k":[0,0],"ix":2},"s":{"a":0,"k":[100,100],"ix":2},"r":{"a":0,"k":0,"ix":2},"o":{"a":0,"k":100,"ix":2},"sk":{"a":0,"k":0,"ix":2},"sa":{"a":0,"k":0,"ix":2}}]}],"ip":0,"op":382.6666666666667,"st":0,"bm":0},{"ddd":0,"ind":22,"ty":4,"nm":"Group 3","sr":1,"ks":{"p":{"a":0,"k":[0,0],"ix":2},"a":{"a":0,"k":[0,0],"ix":2},"s":{"a":0,"k":[100,100],"ix":2},"r":{"a":0,"k":0,"ix":2},"o":{"a":0,"k":100,"ix":2}},"ao":0,"parent":12,"shapes":[{"ty":"gr","it":[{"ty":"sh","d":1,"ks":{"a":0,"k":{"c":true,"v":[[28.324,82.763],[17.491,95.389],[34.542,100.838],[39.404,72.231],[28.324,82.763]],"i":[[0,0],[1.223,-9.541],[-10.132,7.247],[10.289,1.994],[0,0]],"o":[[0,0],[-1.225,9.545],[27.778,-19.865],[-1.349,4.236],[0,0]]}}},{"ty":"fl","c":{"a":0,"k":[1,0.7843137254901961,0.6235294117647059],"ix":2},"o":{"a":0,"k":100,"ix":2},"r":1,"bm":0},{"ty":"tm","s":{"a":0,"k":0,"ix":2},"e":{"a":0,"k":100,"ix":2},"o":{"a":0,"k":0,"ix":2},"m":1},{"ty":"tr","p":{"a":0,"k":[0,0],"ix":2},"a":{"a":0,"k":[0,0],"ix":2},"s":{"a":0,"k":[100,100],"ix":2},"r":{"a":0,"k":0,"ix":2},"o":{"a":0,"k":100,"ix":2},"sk":{"a":0,"k":0,"ix":2},"sa":{"a":0,"k":0,"ix":2}}]}],"ip":0,"op":382.6666666666667,"st":0,"bm":0},{"ddd":0,"ind":23,"ty":4,"nm":"Group 5","sr":1,"ks":{"p":{"a":0,"k":[0,0],"ix":2},"a":{"a":0,"k":[0,0],"ix":2},"s":{"a":0,"k":[100,100],"ix":2},"r":{"a":0,"k":0,"ix":2},"o":{"a":0,"k":100,"ix":2}},"ao":0,"parent":12,"shapes":[{"ty":"gr","it":[{"ty":"sh","d":1,"ks":{"a":0,"k":{"c":true,"v":[[25.916,61.658],[18.902,76.97],[25.916,83.681],[25.916,61.658]],"i":[[0,0],[-1.601,-8.235],[-3.548,0.343],[0,0]],"o":[[-1.823,1.369],[0.964,4.959],[0,0],[0,0]]}}},{"ty":"fl","c":{"a":0,"k":[0.8862745098039215,0.8862745098039215,0.8862745098039215],"ix":2},"o":{"a":0,"k":100,"ix":2},"r":1,"bm":0},{"ty":"tm","s":{"a":0,"k":0,"ix":2},"e":{"a":0,"k":100,"ix":2},"o":{"a":0,"k":0,"ix":2},"m":1},{"ty":"tr","p":{"a":0,"k":[0,0],"ix":2},"a":{"a":0,"k":[0,0],"ix":2},"s":{"a":0,"k":[100,100],"ix":2},"r":{"a":0,"k":0,"ix":2},"o":{"a":0,"k":100,"ix":2},"sk":{"a":0,"k":0,"ix":2},"sa":{"a":0,"k":0,"ix":2}}]}],"ip":0,"op":382.6666666666667,"st":0,"bm":0},{"ddd":0,"ind":24,"ty":4,"nm":"Group 6","sr":1,"ks":{"p":{"a":0,"k":[0,0],"ix":2},"a":{"a":0,"k":[0,0],"ix":2},"s":{"a":0,"k":[100,100],"ix":2},"r":{"a":0,"k":0,"ix":2},"o":{"a":0,"k":100,"ix":2}},"ao":0,"parent":12,"shapes":[{"ty":"gr","it":[{"ty":"sh","d":1,"ks":{"a":0,"k":{"c":true,"v":[[25.916,41.564],[18.902,56.876],[25.916,63.584],[25.916,41.564]],"i":[[0,0],[-1.601,-8.235],[-3.548,0.346],[0,0]],"o":[[-1.823,1.367],[0.964,4.96],[0,0],[0,0]]}}},{"ty":"fl","c":{"a":0,"k":[0.8862745098039215,0.8862745098039215,0.8862745098039215],"ix":2},"o":{"a":0,"k":100,"ix":2},"r":1,"bm":0},{"ty":"tm","s":{"a":0,"k":0,"ix":2},"e":{"a":0,"k":100,"ix":2},"o":{"a":0,"k":0,"ix":2},"m":1},{"ty":"tr","p":{"a":0,"k":[0,0],"ix":2},"a":{"a":0,"k":[0,0],"ix":2},"s":{"a":0,"k":[100,100],"ix":2},"r":{"a":0,"k":0,"ix":2},"o":{"a":0,"k":100,"ix":2},"sk":{"a":0,"k":0,"ix":2},"sa":{"a":0,"k":0,"ix":2}}]}],"ip":0,"op":382.6666666666667,"st":0,"bm":0},{"ddd":0,"ind":25,"ty":4,"nm":"Group 1","sr":1,"ks":{"p":{"a":0,"k":[0,0],"ix":2},"a":{"a":0,"k":[0,0],"ix":2},"s":{"a":0,"k":[100,100],"ix":2},"r":{"a":0,"k":0,"ix":2},"o":{"a":0,"k":100,"ix":2}},"ao":0,"parent":12,"shapes":[{"ty":"gr","it":[{"ty":"gr","it":[{"ty":"sh","d":1,"ks":{"a":0,"k":{"c":true,"v":[[-12.594,105.904],[-15.515,108.825],[-12.594,111.748],[-1.65,111.748],[1.277,108.825],[-1.65,105.904],[-12.594,105.904]],"i":[[0,0],[0,-1.609],[-1.609,0],[0,0],[0,1.613],[1.614,0],[0,0]],"o":[[-1.609,0],[0,1.613],[0,0],[1.614,0],[0,-1.609],[0,0],[0,0]]}}},{"ty":"tm","s":{"a":0,"k":0,"ix":2},"e":{"a":0,"k":100,"ix":2},"o":{"a":0,"k":0,"ix":2},"m":1},{"ty":"tr","p":{"a":0,"k":[0,0],"ix":2},"a":{"a":0,"k":[0,0],"ix":2},"s":{"a":0,"k":[100,100],"ix":2},"r":{"a":0,"k":0,"ix":2},"o":{"a":0,"k":100,"ix":2},"sk":{"a":0,"k":0,"ix":2},"sa":{"a":0,"k":0,"ix":2}}]},{"ty":"gr","it":[{"ty":"sh","d":1,"ks":{"a":0,"k":{"c":true,"v":[[-1.65,112.034],[-12.594,112.034],[-15.804,108.825],[-12.594,105.611],[-1.65,105.611],[1.566,108.825],[-1.65,112.034]],"i":[[0,0],[0,0],[0,1.773],[-1.769,0],[0,0],[0,-1.771],[1.773,0]],"o":[[0,0],[-1.769,0],[0,-1.771],[0,0],[1.773,0],[0,1.773],[0,0]]}}},{"ty":"tm","s":{"a":0,"k":0,"ix":2},"e":{"a":0,"k":100,"ix":2},"o":{"a":0,"k":0,"ix":2},"m":1},{"ty":"tr","p":{"a":0,"k":[0,0],"ix":2},"a":{"a":0,"k":[0,0],"ix":2},"s":{"a":0,"k":[100,100],"ix":2},"r":{"a":0,"k":0,"ix":2},"o":{"a":0,"k":100,"ix":2},"sk":{"a":0,"k":0,"ix":2},"sa":{"a":0,"k":0,"ix":2}}]},{"ty":"fl","c":{"a":0,"k":[0.5294117647058824,0.5294117647058824,0.5294117647058824],"ix":2},"o":{"a":0,"k":100,"ix":2},"r":1,"bm":0},{"ty":"tr","p":{"a":0,"k":[0,0],"ix":2},"a":{"a":0,"k":[0,0],"ix":2},"s":{"a":0,"k":[100,100],"ix":2},"r":{"a":0,"k":0,"ix":2},"o":{"a":0,"k":100,"ix":2},"sk":{"a":0,"k":0,"ix":2},"sa":{"a":0,"k":0,"ix":2}}]}],"ip":0,"op":382.6666666666667,"st":0,"bm":0},{"ddd":0,"ind":26,"ty":4,"nm":"Group 2","sr":1,"ks":{"p":{"a":0,"k":[0,0],"ix":2},"a":{"a":0,"k":[0,0],"ix":2},"s":{"a":0,"k":[100,100],"ix":2},"r":{"a":0,"k":0,"ix":2},"o":{"a":0,"k":100,"ix":2}},"ao":0,"parent":12,"shapes":[{"ty":"gr","it":[{"ty":"sh","d":1,"ks":{"a":0,"k":{"c":true,"v":[[17.102,-20.767],[16.475,-20.138],[15.846,-20.767],[16.475,-21.394],[17.102,-20.767]],"i":[[0,0],[0.346,0],[0,0.348],[-0.345,0],[0,-0.345]],"o":[[0,0.348],[-0.345,0],[0,-0.345],[0.346,0],[0,0]]}}},{"ty":"fl","c":{"a":0,"k":[0.09019607843137255,0.11764705882352941,0.3686274509803922],"ix":2},"o":{"a":0,"k":100,"ix":2},"r":1,"bm":0},{"ty":"tm","s":{"a":0,"k":0,"ix":2},"e":{"a":0,"k":100,"ix":2},"o":{"a":0,"k":0,"ix":2},"m":1},{"ty":"tr","p":{"a":0,"k":[0,0],"ix":2},"a":{"a":0,"k":[0,0],"ix":2},"s":{"a":0,"k":[100,100],"ix":2},"r":{"a":0,"k":0,"ix":2},"o":{"a":0,"k":100,"ix":2},"sk":{"a":0,"k":0,"ix":2},"sa":{"a":0,"k":0,"ix":2}}]}],"ip":0,"op":382.6666666666667,"st":0,"bm":0},{"ddd":0,"ind":27,"ty":4,"nm":"Group 3","sr":1,"ks":{"p":{"a":0,"k":[0,0],"ix":2},"a":{"a":0,"k":[0,0],"ix":2},"s":{"a":0,"k":[100,100],"ix":2},"r":{"a":0,"k":0,"ix":2},"o":{"a":0,"k":100,"ix":2}},"ao":0,"parent":12,"shapes":[{"ty":"gr","it":[{"ty":"sh","d":1,"ks":{"a":0,"k":{"c":true,"v":[[20.991,-20.765],[19.441,-19.215],[17.89,-20.765],[19.441,-22.318],[20.991,-20.765]],"i":[[0,0],[0.856,0],[0,0.854],[-0.856,0],[0,-0.858]],"o":[[0,0.854],[-0.856,0],[0,-0.858],[0.856,0],[0,0]]}}},{"ty":"fl","c":{"a":0,"k":[0.09019607843137255,0.11764705882352941,0.3686274509803922],"ix":2},"o":{"a":0,"k":100,"ix":2},"r":1,"bm":0},{"ty":"tm","s":{"a":0,"k":0,"ix":2},"e":{"a":0,"k":100,"ix":2},"o":{"a":0,"k":0,"ix":2},"m":1},{"ty":"tr","p":{"a":0,"k":[0,0],"ix":2},"a":{"a":0,"k":[0,0],"ix":2},"s":{"a":0,"k":[100,100],"ix":2},"r":{"a":0,"k":0,"ix":2},"o":{"a":0,"k":100,"ix":2},"sk":{"a":0,"k":0,"ix":2},"sa":{"a":0,"k":0,"ix":2}}]}],"ip":0,"op":382.6666666666667,"st":0,"bm":0},{"ddd":0,"ind":28,"ty":4,"nm":"Group 1","sr":1,"ks":{"p":{"a":0,"k":[0,0],"ix":2},"a":{"a":0,"k":[0,0],"ix":2},"s":{"a":0,"k":[100,100],"ix":2},"r":{"a":0,"k":0,"ix":2},"o":{"a":0,"k":100,"ix":2}},"ao":0,"parent":12,"shapes":[{"ty":"gr","it":[{"ty":"sh","d":1,"ks":{"a":0,"k":{"c":true,"v":[[11.913,99.454],[-9.601,46.532],[-11.438,47.279],[9.772,99.454],[11.913,99.454]],"i":[[0,0],[0,0],[0,0],[0,0],[0,0]],"o":[[0,0],[0,0],[0,0],[0,0],[0,0]]}}},{"ty":"fl","c":{"a":0,"k":[1,1,1],"ix":2},"o":{"a":0,"k":100,"ix":2},"r":1,"bm":0},{"ty":"tm","s":{"a":0,"k":0,"ix":2},"e":{"a":0,"k":100,"ix":2},"o":{"a":0,"k":0,"ix":2},"m":1},{"ty":"tr","p":{"a":0,"k":[0,0],"ix":2},"a":{"a":0,"k":[0,0],"ix":2},"s":{"a":0,"k":[100,100],"ix":2},"r":{"a":0,"k":0,"ix":2},"o":{"a":0,"k":100,"ix":2},"sk":{"a":0,"k":0,"ix":2},"sa":{"a":0,"k":0,"ix":2}}]}],"ip":0,"op":382.6666666666667,"st":0,"bm":0},{"ddd":0,"ind":29,"ty":4,"nm":"Group 1","sr":1,"ks":{"p":{"a":0,"k":[0,0],"ix":2},"a":{"a":0,"k":[0,0],"ix":2},"s":{"a":0,"k":[100,100],"ix":2},"r":{"a":0,"k":0,"ix":2},"o":{"a":0,"k":100,"ix":2}},"ao":0,"parent":12,"shapes":[{"ty":"gr","it":[{"ty":"sh","d":1,"ks":{"a":0,"k":{"c":true,"v":[[-35.914,79.999],[4.254,30.242],[2.712,28.996],[-35.914,76.842],[-35.914,79.999]],"i":[[0,0],[0,0],[0,0],[0,0],[0,0]],"o":[[0,0],[0,0],[0,0],[0,0],[0,0]]}}},{"ty":"fl","c":{"a":0,"k":[1,1,1],"ix":2},"o":{"a":0,"k":100,"ix":2},"r":1,"bm":0},{"ty":"tm","s":{"a":0,"k":0,"ix":2},"e":{"a":0,"k":100,"ix":2},"o":{"a":0,"k":0,"ix":2},"m":1},{"ty":"tr","p":{"a":0,"k":[0,0],"ix":2},"a":{"a":0,"k":[0,0],"ix":2},"s":{"a":0,"k":[100,100],"ix":2},"r":{"a":0,"k":0,"ix":2},"o":{"a":0,"k":100,"ix":2},"sk":{"a":0,"k":0,"ix":2},"sa":{"a":0,"k":0,"ix":2}}]}],"ip":0,"op":382.6666666666667,"st":0,"bm":0},{"ddd":0,"ind":30,"ty":4,"nm":"Group 1","sr":1,"ks":{"p":{"a":0,"k":[0,0],"ix":2},"a":{"a":0,"k":[0,0],"ix":2},"s":{"a":0,"k":[100,100],"ix":2},"r":{"a":0,"k":0,"ix":2},"o":{"a":0,"k":100,"ix":2}},"ao":0,"parent":12,"shapes":[{"ty":"gr","it":[{"ty":"sh","d":1,"ks":{"a":0,"k":{"c":true,"v":[[-35.852,-0.807],[-35.852,1.645],[21.571,43.601],[21.571,41.148],[-35.852,-0.807]],"i":[[0,0],[0,0],[0,0],[0,0],[0,0]],"o":[[0,0],[0,0],[0,0],[0,0],[0,0]]}}},{"ty":"fl","c":{"a":0,"k":[1,1,1],"ix":2},"o":{"a":0,"k":100,"ix":2},"r":1,"bm":0},{"ty":"tm","s":{"a":0,"k":0,"ix":2},"e":{"a":0,"k":100,"ix":2},"o":{"a":0,"k":0,"ix":2},"m":1},{"ty":"tr","p":{"a":0,"k":[0,0],"ix":2},"a":{"a":0,"k":[0,0],"ix":2},"s":{"a":0,"k":[100,100],"ix":2},"r":{"a":0,"k":0,"ix":2},"o":{"a":0,"k":100,"ix":2},"sk":{"a":0,"k":0,"ix":2},"sa":{"a":0,"k":0,"ix":2}}]}],"ip":0,"op":382.6666666666667,"st":0,"bm":0},{"ddd":0,"ind":31,"ty":4,"nm":"Group 7","sr":1,"ks":{"p":{"a":0,"k":[0,0],"ix":2},"a":{"a":0,"k":[0,0],"ix":2},"s":{"a":0,"k":[100,100],"ix":2},"r":{"a":0,"k":0,"ix":2},"o":{"a":0,"k":100,"ix":2}},"ao":0,"parent":12,"shapes":[{"ty":"gr","it":[{"ty":"sh","d":1,"ks":{"a":0,"k":{"c":true,"v":[[21.591,42.651],[3.88,29.619],[-10.264,46.905],[10.816,99.483],[21.591,99.483],[21.591,42.651]],"i":[[0,0],[0,0],[0,0],[0,0],[0,0],[0,0]],"o":[[0,0],[0,0],[0,0],[0,0],[0,0],[0,0]]}}},{"ty":"fl","c":{"a":0,"k":[0.8901960784313725,0.8901960784313725,1],"ix":2},"o":{"a":0,"k":100,"ix":2},"r":1,"bm":0},{"ty":"tm","s":{"a":0,"k":0,"ix":2},"e":{"a":0,"k":100,"ix":2},"o":{"a":0,"k":0,"ix":2},"m":1},{"ty":"tr","p":{"a":0,"k":[0,0],"ix":2},"a":{"a":0,"k":[0,0],"ix":2},"s":{"a":0,"k":[100,100],"ix":2},"r":{"a":0,"k":0,"ix":2},"o":{"a":0,"k":100,"ix":2},"sk":{"a":0,"k":0,"ix":2},"sa":{"a":0,"k":0,"ix":2}}]}],"ip":0,"op":382.6666666666667,"st":0,"bm":0},{"ddd":0,"ind":32,"ty":4,"nm":"Group 8","sr":1,"ks":{"p":{"a":0,"k":[0,0],"ix":2},"a":{"a":0,"k":[0,0],"ix":2},"s":{"a":0,"k":[100,100],"ix":2},"r":{"a":0,"k":0,"ix":2},"o":{"a":0,"k":100,"ix":2}},"ao":0,"parent":12,"shapes":[{"ty":"gr","it":[{"ty":"sh","d":1,"ks":{"a":0,"k":{"c":true,"v":[[-35.833,78.156],[-35.833,99.483],[10.816,99.483],[-10.264,46.905],[-35.833,78.156]],"i":[[0,0],[0,0],[0,0],[0,0],[0,0]],"o":[[0,0],[0,0],[0,0],[0,0],[0,0]]}}},{"ty":"fl","c":{"a":0,"k":[1,0.8313725490196079,0.8313725490196079],"ix":2},"o":{"a":0,"k":100,"ix":2},"r":1,"bm":0},{"ty":"tm","s":{"a":0,"k":0,"ix":2},"e":{"a":0,"k":100,"ix":2},"o":{"a":0,"k":0,"ix":2},"m":1},{"ty":"tr","p":{"a":0,"k":[0,0],"ix":2},"a":{"a":0,"k":[0,0],"ix":2},"s":{"a":0,"k":[100,100],"ix":2},"r":{"a":0,"k":0,"ix":2},"o":{"a":0,"k":100,"ix":2},"sk":{"a":0,"k":0,"ix":2},"sa":{"a":0,"k":0,"ix":2}}]}],"ip":0,"op":382.6666666666667,"st":0,"bm":0},{"ddd":0,"ind":33,"ty":4,"nm":"Group 9","sr":1,"ks":{"p":{"a":0,"k":[0,0],"ix":2},"a":{"a":0,"k":[0,0],"ix":2},"s":{"a":0,"k":[100,100],"ix":2},"r":{"a":0,"k":0,"ix":2},"o":{"a":0,"k":100,"ix":2}},"ao":0,"parent":12,"shapes":[{"ty":"gr","it":[{"ty":"sh","d":1,"ks":{"a":0,"k":{"c":true,"v":[[-35.833,0.397],[-35.833,78.156],[3.88,29.619],[-35.833,0.397]],"i":[[0,0],[0,0],[0,0],[0,0]],"o":[[0,0],[0,0],[0,0],[0,0]]}}},{"ty":"fl","c":{"a":0,"k":[0.9137254901960784,0.9137254901960784,1],"ix":2},"o":{"a":0,"k":100,"ix":2},"r":1,"bm":0},{"ty":"tm","s":{"a":0,"k":0,"ix":2},"e":{"a":0,"k":100,"ix":2},"o":{"a":0,"k":0,"ix":2},"m":1},{"ty":"tr","p":{"a":0,"k":[0,0],"ix":2},"a":{"a":0,"k":[0,0],"ix":2},"s":{"a":0,"k":[100,100],"ix":2},"r":{"a":0,"k":0,"ix":2},"o":{"a":0,"k":100,"ix":2},"sk":{"a":0,"k":0,"ix":2},"sa":{"a":0,"k":0,"ix":2}}]}],"ip":0,"op":382.6666666666667,"st":0,"bm":0},{"ddd":0,"ind":34,"ty":4,"nm":"Group 10","sr":1,"ks":{"p":{"a":0,"k":[0,0],"ix":2},"a":{"a":0,"k":[0,0],"ix":2},"s":{"a":0,"k":[100,100],"ix":2},"r":{"a":0,"k":0,"ix":2},"o":{"a":0,"k":100,"ix":2}},"ao":0,"parent":12,"shapes":[{"ty":"gr","it":[{"ty":"sh","d":1,"ks":{"a":0,"k":{"c":true,"v":[[21.591,-17.906],[2.789,-17.906],[-0.868,-14.399],[-13.837,-14.399],[-17.494,-17.906],[-35.833,-17.906],[-35.833,0.397],[21.591,42.651],[21.591,-17.906]],"i":[[0,0],[0,0],[1.971,0],[0,0],[0.089,1.949],[0,0],[0,0],[0,0],[0,0]],"o":[[0,0],[-0.089,1.949],[0,0],[-1.971,0],[0,0],[0,0],[0,0],[0,0],[0,0]]}}},{"ty":"fl","c":{"a":0,"k":[0.6745098039215687,0.9176470588235294,0.8235294117647058],"ix":2},"o":{"a":0,"k":100,"ix":2},"r":1,"bm":0},{"ty":"tm","s":{"a":0,"k":0,"ix":2},"e":{"a":0,"k":100,"ix":2},"o":{"a":0,"k":0,"ix":2},"m":1},{"ty":"tr","p":{"a":0,"k":[0,0],"ix":2},"a":{"a":0,"k":[0,0],"ix":2},"s":{"a":0,"k":[100,100],"ix":2},"r":{"a":0,"k":0,"ix":2},"o":{"a":0,"k":100,"ix":2},"sk":{"a":0,"k":0,"ix":2},"sa":{"a":0,"k":0,"ix":2}}]}],"ip":0,"op":382.6666666666667,"st":0,"bm":0},{"ddd":0,"ind":35,"ty":4,"nm":"Group 11","sr":1,"ks":{"p":{"a":0,"k":[0,0],"ix":2},"a":{"a":0,"k":[0,0],"ix":2},"s":{"a":0,"k":[100,100],"ix":2},"r":{"a":0,"k":0,"ix":2},"o":{"a":0,"k":100,"ix":2}},"ao":0,"parent":12,"shapes":[{"ty":"gr","it":[{"ty":"sh","d":1,"ks":{"a":0,"k":{"c":true,"v":[[2.789,-17.906],[-0.868,-14.399],[-13.837,-14.399],[-17.494,-17.906],[-35.833,-17.906],[-35.833,99.483],[21.591,99.483],[21.591,-17.906],[2.789,-17.906]],"i":[[0,0],[1.971,0],[0,0],[0.089,1.949],[0,0],[0,0],[0,0],[0,0],[0,0]],"o":[[-0.089,1.949],[0,0],[-1.971,0],[0,0],[0,0],[0,0],[0,0],[0,0],[0,0]]}}},{"ty":"fl","c":{"a":0,"k":[0.6823529411764706,0.6823529411764706,0.9568627450980393],"ix":2},"o":{"a":0,"k":100,"ix":2},"r":1,"bm":0},{"ty":"tm","s":{"a":0,"k":0,"ix":2},"e":{"a":0,"k":100,"ix":2},"o":{"a":0,"k":0,"ix":2},"m":1},{"ty":"tr","p":{"a":0,"k":[0,0],"ix":2},"a":{"a":0,"k":[0,0],"ix":2},"s":{"a":0,"k":[100,100],"ix":2},"r":{"a":0,"k":0,"ix":2},"o":{"a":0,"k":100,"ix":2},"sk":{"a":0,"k":0,"ix":2},"sa":{"a":0,"k":0,"ix":2}}]}],"ip":0,"op":382.6666666666667,"st":0,"bm":0},{"ddd":0,"ind":36,"ty":4,"nm":"Group 12","sr":1,"ks":{"p":{"a":0,"k":[0,0],"ix":2},"a":{"a":0,"k":[0,0],"ix":2},"s":{"a":0,"k":[100,100],"ix":2},"r":{"a":0,"k":0,"ix":2},"o":{"a":0,"k":100,"ix":2}},"ao":0,"parent":12,"shapes":[{"ty":"gr","it":[{"ty":"sh","d":1,"ks":{"a":0,"k":{"c":true,"v":[[25.916,111.676],[21.539,116.057],[-35.781,116.057],[-40.16,111.676],[-40.16,-20.86],[-35.781,-25.241],[21.539,-25.241],[25.916,-20.86],[25.916,111.676]],"i":[[0,0],[2.418,0],[0,0],[0,2.418],[0,0],[-2.418,0],[0,0],[0,-2.42],[0,0]],"o":[[0,2.418],[0,0],[-2.418,0],[0,0],[0,-2.42],[0,0],[2.418,0],[0,0],[0,0]]}}},{"ty":"fl","c":{"a":0,"k":[0.3176470588235294,0.3176470588235294,0.3176470588235294],"ix":2},"o":{"a":0,"k":100,"ix":2},"r":1,"bm":0},{"ty":"tm","s":{"a":0,"k":0,"ix":2},"e":{"a":0,"k":100,"ix":2},"o":{"a":0,"k":0,"ix":2},"m":1},{"ty":"tr","p":{"a":0,"k":[0,0],"ix":2},"a":{"a":0,"k":[0,0],"ix":2},"s":{"a":0,"k":[100,100],"ix":2},"r":{"a":0,"k":0,"ix":2},"o":{"a":0,"k":100,"ix":2},"sk":{"a":0,"k":0,"ix":2},"sa":{"a":0,"k":0,"ix":2}}]}],"ip":0,"op":382.6666666666667,"st":0,"bm":0},{"ddd":0,"ind":37,"ty":4,"nm":"Group 8","sr":1,"ks":{"p":{"a":0,"k":[0,0],"ix":2},"a":{"a":0,"k":[0,0],"ix":2},"s":{"a":0,"k":[100,100],"ix":2},"r":{"a":0,"k":0,"ix":2},"o":{"a":0,"k":100,"ix":2}},"ao":0,"parent":12,"shapes":[{"ty":"gr","it":[{"ty":"sh","d":1,"ks":{"a":0,"k":{"c":true,"v":[[-56.631,125.437],[-64.583,177.719],[-64.74,178.826],[-55.909,188.931],[-39.095,204.189],[-16.894,108.716],[-41.199,61.813],[-42.853,42.718],[-50.553,7.449],[-61.3,32.945],[-68.968,77.814],[-56.631,125.437]],"i":[[0,0],[0,0],[0,0],[-2.137,-2.296],[0,0],[2.782,13.206],[-0.304,1.789],[-0.552,6.864],[2.859,-3.562],[2.247,-4.539],[-1.504,-6.723],[0.021,-11.034]],"o":[[-0.023,11.03],[0,0],[0,0],[7.126,7.658],[3.608,-11.359],[-3.204,-15.18],[0.302,-1.789],[13.949,-36.365],[-2.803,6.311],[-2.251,4.539],[1.504,6.725],[0,0]]}}},{"ty":"fl","c":{"a":0,"k":[1,0.7843137254901961,0.6235294117647059],"ix":2},"o":{"a":0,"k":100,"ix":2},"r":1,"bm":0},{"ty":"tm","s":{"a":0,"k":0,"ix":2},"e":{"a":0,"k":100,"ix":2},"o":{"a":0,"k":0,"ix":2},"m":1},{"ty":"tr","p":{"a":0,"k":[0,0],"ix":2},"a":{"a":0,"k":[0,0],"ix":2},"s":{"a":0,"k":[100,100],"ix":2},"r":{"a":0,"k":0,"ix":2},"o":{"a":0,"k":100,"ix":2},"sk":{"a":0,"k":0,"ix":2},"sa":{"a":0,"k":0,"ix":2}}]}],"ip":0,"op":382.6666666666667,"st":0,"bm":0},{"ddd":0,"ind":38,"ty":4,"nm":"Group 9","sr":1,"ks":{"p":{"a":0,"k":[0,0],"ix":2},"a":{"a":0,"k":[0,0],"ix":2},"s":{"a":0,"k":[100,100],"ix":2},"r":{"a":0,"k":0,"ix":2},"o":{"a":0,"k":100,"ix":2}},"ao":0,"parent":12,"shapes":[{"ty":"gr","it":[{"ty":"sh","d":1,"ks":{"a":0,"k":{"c":true,"v":[[24.832,95.522],[38.665,81.904],[34.379,47.368],[-23.735,59.153],[-44.661,63.39],[-44.661,97.775],[20.77,98.004],[24.832,95.522]],"i":[[0,0],[-3.378,5.759],[0,0],[14.197,-9.96],[0,0],[0,0],[0,0],[-1.202,0.801]],"o":[[6.063,-2.78],[-1.115,-14.634],[0,0],[-14.197,9.963],[0,0],[0,0],[1.33,-1.198],[0,0]]}}},{"ty":"fl","c":{"a":0,"k":[0.9686274509803922,0.7333333333333333,0.5725490196078431],"ix":2},"o":{"a":0,"k":100,"ix":2},"r":1,"bm":0},{"ty":"tm","s":{"a":0,"k":0,"ix":2},"e":{"a":0,"k":100,"ix":2},"o":{"a":0,"k":0,"ix":2},"m":1},{"ty":"tr","p":{"a":0,"k":[0,0],"ix":2},"a":{"a":0,"k":[0,0],"ix":2},"s":{"a":0,"k":[100,100],"ix":2},"r":{"a":0,"k":0,"ix":2},"o":{"a":0,"k":100,"ix":2},"sk":{"a":0,"k":0,"ix":2},"sa":{"a":0,"k":0,"ix":2}}]}],"ip":0,"op":382.6666666666667,"st":0,"bm":0},{"ddd":0,"ind":39,"ty":4,"nm":"Group 10","sr":1,"ks":{"p":{"a":0,"k":[0,0],"ix":2},"a":{"a":0,"k":[0,0],"ix":2},"s":{"a":0,"k":[100,100],"ix":2},"r":{"a":0,"k":0,"ix":2},"o":{"a":0,"k":100,"ix":2}},"ao":0,"parent":12,"shapes":[{"ty":"gr","it":[{"ty":"sh","d":1,"ks":{"a":0,"k":{"c":true,"v":[[34.379,47.368],[-23.735,59.153],[-44.661,63.39],[-54.45,190.448],[-31.104,209.783],[-2.805,222.989],[3.734,141.682],[38.152,96.742],[34.379,47.368]],"i":[[0,0],[14.197,-9.96],[0,0],[0,0],[-8.79,-5.482],[0,0],[-1.316,10.697],[-9.185,12.729],[0,0]],"o":[[0,0],[-14.197,9.963],[0,0],[0,0],[16.392,10.221],[0.193,-7.662],[1.717,-13.945],[3.355,-4.65],[0,0]]}}},{"ty":"fl","c":{"a":0,"k":[1,0.7843137254901961,0.6235294117647059],"ix":2},"o":{"a":0,"k":100,"ix":2},"r":1,"bm":0},{"ty":"tm","s":{"a":0,"k":0,"ix":2},"e":{"a":0,"k":100,"ix":2},"o":{"a":0,"k":0,"ix":2},"m":1},{"ty":"tr","p":{"a":0,"k":[0,0],"ix":2},"a":{"a":0,"k":[0,0],"ix":2},"s":{"a":0,"k":[100,100],"ix":2},"r":{"a":0,"k":0,"ix":2},"o":{"a":0,"k":100,"ix":2},"sk":{"a":0,"k":0,"ix":2},"sa":{"a":0,"k":0,"ix":2}}]}],"ip":0,"op":382.6666666666667,"st":0,"bm":0},{"ddd":0,"ind":40,"ty":4,"nm":"Group 11","sr":1,"ks":{"p":{"a":0,"k":[0,0],"ix":2},"a":{"a":0,"k":[0,0],"ix":2},"s":{"a":0,"k":[100,100],"ix":2},"r":{"a":0,"k":0,"ix":2},"o":{"a":0,"k":100,"ix":2}},"ao":0,"parent":12,"shapes":[{"ty":"gr","it":[{"ty":"sh","d":1,"ks":{"a":0,"k":{"c":true,"v":[[32.803,21.793],[30.441,2.754],[23.593,9.063],[24.253,32.141],[35.817,22.238],[32.803,21.793]],"i":[[0,0],[-6.167,6.649],[0,0],[0,0],[-5.366,5.329],[1.038,0.379]],"o":[[-6.301,-1.94],[-4.526,3.351],[0,0],[0,0],[-0.975,0.058],[0,0]]}}},{"ty":"fl","c":{"a":0,"k":[0.9686274509803922,0.7333333333333333,0.5725490196078431],"ix":2},"o":{"a":0,"k":100,"ix":2},"r":1,"bm":0},{"ty":"tm","s":{"a":0,"k":0,"ix":2},"e":{"a":0,"k":100,"ix":2},"o":{"a":0,"k":0,"ix":2},"m":1},{"ty":"tr","p":{"a":0,"k":[0,0],"ix":2},"a":{"a":0,"k":[0,0],"ix":2},"s":{"a":0,"k":[100,100],"ix":2},"r":{"a":0,"k":0,"ix":2},"o":{"a":0,"k":100,"ix":2},"sk":{"a":0,"k":0,"ix":2},"sa":{"a":0,"k":0,"ix":2}}]}],"ip":0,"op":382.6666666666667,"st":0,"bm":0},{"ddd":0,"ind":41,"ty":4,"nm":"Group 12","sr":1,"ks":{"p":{"a":0,"k":[0,0],"ix":2},"a":{"a":0,"k":[0,0],"ix":2},"s":{"a":0,"k":[100,100],"ix":2},"r":{"a":0,"k":0,"ix":2},"o":{"a":0,"k":100,"ix":2}},"ao":0,"parent":12,"shapes":[{"ty":"gr","it":[{"ty":"sh","d":1,"ks":{"a":0,"k":{"c":true,"v":[[23.593,9.063],[36.042,0.414],[41.171,16.074],[24.253,32.141],[23.593,9.063]],"i":[[0,0],[-5.72,0.472],[5.134,-7.372],[0,0],[0,0]],"o":[[0,0],[5.72,-0.469],[-5.136,7.375],[0,0],[0,0]]}}},{"ty":"fl","c":{"a":0,"k":[1,0.7843137254901961,0.6235294117647059],"ix":2},"o":{"a":0,"k":100,"ix":2},"r":1,"bm":0},{"ty":"tm","s":{"a":0,"k":0,"ix":2},"e":{"a":0,"k":100,"ix":2},"o":{"a":0,"k":0,"ix":2},"m":1},{"ty":"tr","p":{"a":0,"k":[0,0],"ix":2},"a":{"a":0,"k":[0,0],"ix":2},"s":{"a":0,"k":[100,100],"ix":2},"r":{"a":0,"k":0,"ix":2},"o":{"a":0,"k":100,"ix":2},"sk":{"a":0,"k":0,"ix":2},"sa":{"a":0,"k":0,"ix":2}}]}],"ip":0,"op":382.6666666666667,"st":0,"bm":0}]},{"id":"8","layers":[{"ddd":0,"refId":"9","w":20000,"h":20000,"ind":42,"ty":0,"nm":"Circle matte 2 (In/Out)","sr":1,"ks":{"p":{"a":0,"k":[10000,10000],"ix":2},"a":{"a":0,"k":[10000,10000],"ix":2},"s":{"a":0,"k":[100,100],"ix":2},"r":{"a":0,"k":0,"ix":2},"o":{"a":1,"k":[{"t":62,"s":[0],"i":{"x":[1],"y":[1]},"o":{"x":[0],"y":[0]}},{"t":63,"s":[100],"i":{"x":[1],"y":[1]},"o":{"x":[0],"y":[0]}},{"t":381,"s":[100],"i":{"x":[1],"y":[1]},"o":{"x":[0],"y":[0]}},{"t":382,"s":[0],"i":{"x":[1],"y":[1]},"o":{"x":[0],"y":[0]}}],"ix":2}},"ao":0,"ip":0,"op":382.6666666666667,"st":0,"bm":0,"td":1},{"ddd":0,"refId":"7","w":20000,"h":20000,"ind":43,"ty":0,"nm":"Hand","sr":1,"ks":{"p":{"a":0,"k":[10000,10000],"ix":2},"a":{"a":0,"k":[10000,10000],"ix":2},"s":{"a":0,"k":[100,100],"ix":2},"r":{"a":0,"k":0,"ix":2},"o":{"a":0,"k":100,"ix":2}},"ao":0,"ip":0,"op":382.6666666666667,"st":0,"bm":0,"tt":1}]},{"id":"9","layers":[{"ddd":0,"ind":44,"ty":4,"nm":"Group 2","sr":1,"ks":{"p":{"a":0,"k":[10000,10000],"ix":2},"a":{"a":0,"k":[0,0],"ix":2},"s":{"a":0,"k":[100,100],"ix":2},"r":{"a":0,"k":0,"ix":2},"o":{"a":0,"k":100,"ix":2}},"ao":0,"shapes":[{"ty":"gr","it":[{"ty":"sh","d":1,"ks":{"a":0,"k":{"c":true,"v":[[153.996,-97.42],[57.093,-202.209],[-61.24,-190.914],[-88.465,-157.656],[-91.246,-112.132],[-103.198,-47.369],[-146.969,10.164],[-123.02,118.643],[11.606,201.174],[70.357,178.371],[82.227,108.53],[106.455,25.827],[145.131,-27.603],[153.996,-97.42]],"i":[[0,0],[47.583,13.963],[37.897,-22.451],[4.839,-14.185],[-0.719,-14.753],[15.859,-20.11],[4.696,-27.764],[-28.03,-43.942],[-80.785,-5.554],[-13.631,18.053],[6.733,23.421],[-22.343,26.429],[-8.097,22.555],[0.084,23.04]],"o":[[-0.195,-53.185],[-42.905,-12.59],[-12.456,7.378],[-4.765,13.968],[1.243,25.528],[-15.781,20.008],[-7.272,42.988],[7.673,12.031],[21.234,1.46],[14.926,-19.768],[-9.888,-34.399],[15.022,-17.769],[7.806,-21.743],[0,0]]}}},{"ty":"fl","c":{"a":0,"k":[0.9137254901960784,0.9529411764705882,1],"ix":2},"o":{"a":0,"k":100,"ix":2},"r":1,"bm":0},{"ty":"tm","s":{"a":0,"k":0,"ix":2},"e":{"a":0,"k":100,"ix":2},"o":{"a":0,"k":0,"ix":2},"m":1},{"ty":"tr","p":{"a":0,"k":[398.1520080566406,263.5760192871094],"ix":2},"a":{"a":0,"k":[0,0],"ix":2},"s":{"a":0,"k":[100,100],"ix":2},"r":{"a":0,"k":0,"ix":2},"o":{"a":0,"k":100,"ix":2},"sk":{"a":0,"k":0,"ix":2},"sa":{"a":0,"k":0,"ix":2}}]}],"ip":0,"op":382.6666666666667,"st":0,"bm":0}]},{"id":"10","layers":[{"ddd":0,"ind":45,"ty":4,"nm":"Shape 1","sr":1,"ks":{"p":{"a":0,"k":[10000,10000],"ix":2},"a":{"a":0,"k":[0,0],"ix":2},"s":{"a":0,"k":[100,100],"ix":2},"r":{"a":0,"k":0,"ix":2},"o":{"a":0,"k":100,"ix":2}},"ao":0,"shapes":[{"ty":"gr","it":[{"ty":"sh","d":1,"ks":{"a":0,"k":{"c":false,"v":[[-18.534,-244.397],[122.414,-72.414],[-14.813,-44.171],[-136.207,53.017],[-28.546,142.957],[83.621,186.207]],"i":[[0,0],[2.064,-107.339],[67.399,9.257],[1.347,-99.649],[-48.178,-5.888],[-12.931,-32.328]],"o":[[-89.224,178.448],[-14.225,72.414],[-57.502,-7.898],[-0.599,44.312],[56.152,6.863],[0,0]]}}},{"ty":"st","c":{"a":0,"k":[0.34509803921568627,0.34509803921568627,0.34509803921568627],"ix":2},"o":{"a":0,"k":100,"ix":2},"w":{"a":0,"k":2,"ix":2},"lc":1,"lj":1},{"ty":"tm","s":{"a":0,"k":0,"ix":2},"e":{"a":1,"k":[{"t":193,"s":[44],"i":{"x":[1],"y":[1]},"o":{"x":[0],"y":[0]}},{"t":232,"s":[83],"i":{"x":[1],"y":[1]},"o":{"x":[0],"y":[0]}}],"ix":2},"o":{"a":0,"k":0,"ix":2},"m":1},{"ty":"tr","p":{"a":0,"k":[400,270],"ix":2},"a":{"a":0,"k":[0,0],"ix":2},"s":{"a":0,"k":[100,100],"ix":2},"r":{"a":0,"k":0,"ix":2},"o":{"a":0,"k":100,"ix":2},"sk":{"a":0,"k":0,"ix":2},"sa":{"a":0,"k":0,"ix":2}}]}],"ip":0,"op":382.6666666666667,"st":0,"bm":0}]},{"id":"11","layers":[{"ddd":0,"refId":"12","w":20000,"h":20000,"ind":46,"ty":0,"nm":"Circle matte 4 (In/Out)","sr":1,"ks":{"p":{"a":0,"k":[10000,10000],"ix":2},"a":{"a":0,"k":[10000,10000],"ix":2},"s":{"a":0,"k":[100,100],"ix":2},"r":{"a":0,"k":0,"ix":2},"o":{"a":1,"k":[{"t":192,"s":[0],"i":{"x":[1],"y":[1]},"o":{"x":[0],"y":[0]}},{"t":193,"s":[100],"i":{"x":[1],"y":[1]},"o":{"x":[0],"y":[0]}},{"t":381,"s":[100],"i":{"x":[1],"y":[1]},"o":{"x":[0],"y":[0]}},{"t":382,"s":[0],"i":{"x":[1],"y":[1]},"o":{"x":[0],"y":[0]}}],"ix":2}},"ao":0,"ip":0,"op":382.6666666666667,"st":0,"bm":0,"td":1},{"ddd":0,"refId":"10","w":20000,"h":20000,"ind":47,"ty":0,"nm":"Line 2","sr":1,"ks":{"p":{"a":0,"k":[10000,10000],"ix":2},"a":{"a":0,"k":[10000,10000],"ix":2},"s":{"a":0,"k":[100,100],"ix":2},"r":{"a":0,"k":0,"ix":2},"o":{"a":0,"k":100,"ix":2}},"ao":0,"ip":0,"op":382.6666666666667,"st":0,"bm":0,"tt":1}]},{"id":"12","layers":[{"ddd":0,"ind":48,"ty":4,"nm":"Group 2","sr":1,"ks":{"p":{"a":0,"k":[10000,10000],"ix":2},"a":{"a":0,"k":[0,0],"ix":2},"s":{"a":0,"k":[100,100],"ix":2},"r":{"a":0,"k":0,"ix":2},"o":{"a":0,"k":100,"ix":2}},"ao":0,"shapes":[{"ty":"gr","it":[{"ty":"sh","d":1,"ks":{"a":0,"k":{"c":true,"v":[[153.996,-97.42],[57.093,-202.209],[-61.24,-190.914],[-88.465,-157.656],[-91.246,-112.132],[-103.198,-47.369],[-146.969,10.164],[-123.02,118.643],[11.606,201.174],[70.357,178.371],[82.227,108.53],[106.455,25.827],[145.131,-27.603],[153.996,-97.42]],"i":[[0,0],[47.583,13.963],[37.897,-22.451],[4.839,-14.185],[-0.719,-14.753],[15.859,-20.11],[4.696,-27.764],[-28.03,-43.942],[-80.785,-5.554],[-13.631,18.053],[6.733,23.421],[-22.343,26.429],[-8.097,22.555],[0.084,23.04]],"o":[[-0.195,-53.185],[-42.905,-12.59],[-12.456,7.378],[-4.765,13.968],[1.243,25.528],[-15.781,20.008],[-7.272,42.988],[7.673,12.031],[21.234,1.46],[14.926,-19.768],[-9.888,-34.399],[15.022,-17.769],[7.806,-21.743],[0,0]]}}},{"ty":"fl","c":{"a":0,"k":[0.9137254901960784,0.9529411764705882,1],"ix":2},"o":{"a":0,"k":100,"ix":2},"r":1,"bm":0},{"ty":"tm","s":{"a":0,"k":0,"ix":2},"e":{"a":0,"k":100,"ix":2},"o":{"a":0,"k":0,"ix":2},"m":1},{"ty":"tr","p":{"a":0,"k":[398.1520080566406,263.5760192871094],"ix":2},"a":{"a":0,"k":[0,0],"ix":2},"s":{"a":0,"k":[100,100],"ix":2},"r":{"a":0,"k":0,"ix":2},"o":{"a":0,"k":100,"ix":2},"sk":{"a":0,"k":0,"ix":2},"sa":{"a":0,"k":0,"ix":2}}]}],"ip":0,"op":382.6666666666667,"st":0,"bm":0}]}],"layers":[{"ddd":0,"refId":"1","w":20000,"h":20000,"ind":3,"ty":0,"nm":"Line 3","sr":1,"ks":{"p":{"a":0,"k":[0,0],"ix":2},"a":{"a":0,"k":[10000,10000],"ix":2},"s":{"a":0,"k":[100,100],"ix":2},"r":{"a":0,"k":0,"ix":2},"o":{"a":0,"k":100,"ix":2}},"ao":0,"ip":0,"op":382.6666666666667,"st":0,"bm":0},{"ddd":0,"refId":"4","w":20000,"h":20000,"ind":7,"ty":0,"nm":"Line","sr":1,"ks":{"p":{"a":0,"k":[0,0],"ix":2},"a":{"a":0,"k":[10000,10000],"ix":2},"s":{"a":0,"k":[100,100],"ix":2},"r":{"a":0,"k":0,"ix":2},"o":{"a":0,"k":100,"ix":2}},"ao":0,"ip":0,"op":382.6666666666667,"st":0,"bm":0},{"ddd":0,"refId":"6","w":20000,"h":20000,"ind":49,"ty":0,"nm":"Add icon (In/Out)","sr":1,"ks":{"p":{"a":0,"k":[0,0],"ix":2},"a":{"a":0,"k":[10000,10000],"ix":2},"s":{"a":0,"k":[100,100],"ix":2},"r":{"a":0,"k":0,"ix":2},"o":{"a":1,"k":[{"t":81,"s":[0],"i":{"x":[1],"y":[1]},"o":{"x":[0],"y":[0]}},{"t":82,"s":[100],"i":{"x":[1],"y":[1]},"o":{"x":[0],"y":[0]}},{"t":381,"s":[100],"i":{"x":[1],"y":[1]},"o":{"x":[0],"y":[0]}},{"t":382,"s":[0],"i":{"x":[1],"y":[1]},"o":{"x":[0],"y":[0]}}],"ix":2}},"ao":0,"ip":0,"op":382.6666666666667,"st":0,"bm":0},{"ddd":0,"refId":"8","w":20000,"h":20000,"ind":43,"ty":0,"nm":"Hand","sr":1,"ks":{"p":{"a":0,"k":[0,0],"ix":2},"a":{"a":0,"k":[10000,10000],"ix":2},"s":{"a":0,"k":[100,100],"ix":2},"r":{"a":0,"k":0,"ix":2},"o":{"a":0,"k":100,"ix":2}},"ao":0,"ip":0,"op":382.6666666666667,"st":0,"bm":0},{"ddd":0,"refId":"11","w":20000,"h":20000,"ind":47,"ty":0,"nm":"Line 2","sr":1,"ks":{"p":{"a":0,"k":[0,0],"ix":2},"a":{"a":0,"k":[10000,10000],"ix":2},"s":{"a":0,"k":[100,100],"ix":2},"r":{"a":0,"k":0,"ix":2},"o":{"a":0,"k":100,"ix":2}},"ao":0,"ip":0,"op":382.6666666666667,"st":0,"bm":0},{"ddd":0,"ind":50,"ty":4,"nm":"Group 2","sr":1,"ks":{"p":{"a":0,"k":[0,0],"ix":2},"a":{"a":0,"k":[0,0],"ix":2},"s":{"a":0,"k":[100,100],"ix":2},"r":{"a":0,"k":0,"ix":2},"o":{"a":0,"k":100,"ix":2}},"ao":0,"shapes":[{"ty":"gr","it":[{"ty":"sh","d":1,"ks":{"a":0,"k":{"c":true,"v":[[153.996,-97.42],[57.093,-202.209],[-61.24,-190.914],[-88.465,-157.656],[-91.246,-112.132],[-103.198,-47.369],[-146.969,10.164],[-123.02,118.643],[11.606,201.174],[70.357,178.371],[82.227,108.53],[106.455,25.827],[145.131,-27.603],[153.996,-97.42]],"i":[[0,0],[47.583,13.963],[37.897,-22.451],[4.839,-14.185],[-0.719,-14.753],[15.859,-20.11],[4.696,-27.764],[-28.03,-43.942],[-80.785,-5.554],[-13.631,18.053],[6.733,23.421],[-22.343,26.429],[-8.097,22.555],[0.084,23.04]],"o":[[-0.195,-53.185],[-42.905,-12.59],[-12.456,7.378],[-4.765,13.968],[1.243,25.528],[-15.781,20.008],[-7.272,42.988],[7.673,12.031],[21.234,1.46],[14.926,-19.768],[-9.888,-34.399],[15.022,-17.769],[7.806,-21.743],[0,0]]}}},{"ty":"fl","c":{"a":0,"k":[0.9137254901960784,0.9529411764705882,1],"ix":2},"o":{"a":0,"k":100,"ix":2},"r":1,"bm":0},{"ty":"tm","s":{"a":0,"k":0,"ix":2},"e":{"a":0,"k":100,"ix":2},"o":{"a":0,"k":0,"ix":2},"m":1},{"ty":"tr","p":{"a":0,"k":[400,259.195],"ix":2},"a":{"a":0,"k":[1.848,-4.381],"ix":2},"s":{"a":1,"k":[{"t":0,"s":[0,0],"i":{"x":[1],"y":[1]},"o":{"x":[0],"y":[0]}},{"t":33,"s":[100,100],"i":{"x":[1],"y":[1]},"o":{"x":[0],"y":[0]}},{"t":35,"s":[103.91699999999999,103.91699999999999],"i":{"x":[1],"y":[1]},"o":{"x":[0],"y":[0]}},{"t":37,"s":[107.01899999999999,107.01899999999999],"i":{"x":[1],"y":[1]},"o":{"x":[0],"y":[0]}},{"t":38,"s":[109.372,109.372],"i":{"x":[1],"y":[1]},"o":{"x":[0],"y":[0]}},{"t":40,"s":[111.04799999999999,111.04799999999999],"i":{"x":[1],"y":[1]},"o":{"x":[0],"y":[0]}},{"t":42,"s":[112.12599999999999,112.12599999999999],"i":{"x":[1],"y":[1]},"o":{"x":[0],"y":[0]}},{"t":43,"s":[112.68499999999999,112.68499999999999],"i":{"x":[1],"y":[1]},"o":{"x":[0],"y":[0]}},{"t":45,"s":[112.80399999999999,112.80399999999999],"i":{"x":[1],"y":[1]},"o":{"x":[0],"y":[0]}},{"t":47,"s":[112.561,112.561],"i":{"x":[1],"y":[1]},"o":{"x":[0],"y":[0]}},{"t":48,"s":[112.02600000000001,112.02600000000001],"i":{"x":[1],"y":[1]},"o":{"x":[0],"y":[0]}},{"t":50,"s":[111.26799999999999,111.26799999999999],"i":{"x":[1],"y":[1]},"o":{"x":[0],"y":[0]}},{"t":52,"s":[110.347,110.347],"i":{"x":[1],"y":[1]},"o":{"x":[0],"y":[0]}},{"t":53,"s":[109.31599999999999,109.31599999999999],"i":{"x":[1],"y":[1]},"o":{"x":[0],"y":[0]}},{"t":55,"s":[108.225,108.225],"i":{"x":[1],"y":[1]},"o":{"x":[0],"y":[0]}},{"t":57,"s":[107.111,107.111],"i":{"x":[1],"y":[1]},"o":{"x":[0],"y":[0]}},{"t":58,"s":[106.01,106.01],"i":{"x":[1],"y":[1]},"o":{"x":[0],"y":[0]}},{"t":60,"s":[104.948,104.948],"i":{"x":[1],"y":[1]},"o":{"x":[0],"y":[0]}},{"t":62,"s":[103.94699999999999,103.94699999999999],"i":{"x":[1],"y":[1]},"o":{"x":[0],"y":[0]}},{"t":63,"s":[103.02199999999999,103.02199999999999],"i":{"x":[1],"y":[1]},"o":{"x":[0],"y":[0]}},{"t":65,"s":[102.18400000000001,102.18400000000001],"i":{"x":[1],"y":[1]},"o":{"x":[0],"y":[0]}},{"t":67,"s":[101.44,101.44],"i":{"x":[1],"y":[1]},"o":{"x":[0],"y":[0]}},{"t":68,"s":[100.79199999999999,100.79199999999999],"i":{"x":[1],"y":[1]},"o":{"x":[0],"y":[0]}},{"t":70,"s":[100.24,100.24],"i":{"x":[1],"y":[1]},"o":{"x":[0],"y":[0]}},{"t":72,"s":[99.782,99.782],"i":{"x":[1],"y":[1]},"o":{"x":[0],"y":[0]}},{"t":73,"s":[99.413,99.413],"i":{"x":[1],"y":[1]},"o":{"x":[0],"y":[0]}},{"t":75,"s":[99.127,99.127],"i":{"x":[1],"y":[1]},"o":{"x":[0],"y":[0]}},{"t":77,"s":[98.915,98.915],"i":{"x":[1],"y":[1]},"o":{"x":[0],"y":[0]}},{"t":78,"s":[98.771,98.771],"i":{"x":[1],"y":[1]},"o":{"x":[0],"y":[0]}},{"t":80,"s":[98.686,98.686],"i":{"x":[1],"y":[1]},"o":{"x":[0],"y":[0]}},{"t":82,"s":[98.651,98.651],"i":{"x":[1],"y":[1]},"o":{"x":[0],"y":[0]}},{"t":83,"s":[98.659,98.659],"i":{"x":[1],"y":[1]},"o":{"x":[0],"y":[0]}},{"t":85,"s":[98.701,98.701],"i":{"x":[1],"y":[1]},"o":{"x":[0],"y":[0]}},{"t":87,"s":[98.77,98.77],"i":{"x":[1],"y":[1]},"o":{"x":[0],"y":[0]}},{"t":88,"s":[98.859,98.859],"i":{"x":[1],"y":[1]},"o":{"x":[0],"y":[0]}},{"t":90,"s":[98.963,98.963],"i":{"x":[1],"y":[1]},"o":{"x":[0],"y":[0]}},{"t":92,"s":[99.075,99.075],"i":{"x":[1],"y":[1]},"o":{"x":[0],"y":[0]}},{"t":93,"s":[99.192,99.192],"i":{"x":[1],"y":[1]},"o":{"x":[0],"y":[0]}},{"t":95,"s":[99.309,99.309],"i":{"x":[1],"y":[1]},"o":{"x":[0],"y":[0]}},{"t":97,"s":[99.423,99.423],"i":{"x":[1],"y":[1]},"o":{"x":[0],"y":[0]}},{"t":98,"s":[99.532,99.532],"i":{"x":[1],"y":[1]},"o":{"x":[0],"y":[0]}},{"t":100,"s":[99.634,99.634],"i":{"x":[1],"y":[1]},"o":{"x":[0],"y":[0]}},{"t":102,"s":[99.727,99.727],"i":{"x":[1],"y":[1]},"o":{"x":[0],"y":[0]}},{"t":103,"s":[99.81,99.81],"i":{"x":[1],"y":[1]},"o":{"x":[0],"y":[0]}},{"t":105,"s":[99.884,99.884],"i":{"x":[1],"y":[1]},"o":{"x":[0],"y":[0]}},{"t":107,"s":[99.947,99.947],"i":{"x":[1],"y":[1]},"o":{"x":[0],"y":[0]}}],"ix":2},"r":{"a":0,"k":0,"ix":2},"o":{"a":0,"k":100,"ix":2},"sk":{"a":0,"k":0,"ix":2},"sa":{"a":0,"k":0,"ix":2}}]}],"ip":0,"op":382.6666666666667,"st":0,"bm":0}],"markers":[]}