{"v":"5.5.6","fr":25,"ip":0,"op":68,"w":1080,"h":1080,"nm":"Comp 1","ddd":0,"assets":[],"fonts":{"list":[{"fName":"Roboto-Regular","fFamily":"Roboto","fStyle":"Regular","ascent":75}]},"layers":[{"ddd":0,"ind":1,"ty":5,"nm":"SOS","sr":1,"ks":{"o":{"a":0,"k":100,"ix":11},"r":{"a":0,"k":0,"ix":10},"p":{"a":0,"k":[540,540,0],"ix":2},"a":{"a":0,"k":[0.166,-80.691,0],"ix":1},"s":{"a":0,"k":[100,100,100],"ix":6}},"ao":0,"t":{"d":{"k":[{"s":{"s":227,"f":"Roboto-Regular","t":"SOS","j":2,"tr":0,"lh":272.4,"ls":0,"fc":[1,1,1]},"t":0}]},"p":{},"m":{"g":1,"a":{"a":0,"k":[0,0],"ix":2}},"a":[]},"ip":0,"op":125,"st":0,"bm":0},{"ddd":0,"ind":2,"ty":4,"nm":"Shape Layer 2","sr":1,"ks":{"o":{"a":0,"k":100,"ix":11},"r":{"a":0,"k":0,"ix":10},"p":{"a":0,"k":[540,540,0],"ix":2},"a":{"a":0,"k":[0,0,0],"ix":1},"s":{"a":0,"k":[100,100,100],"ix":6}},"ao":0,"shapes":[{"ty":"gr","it":[{"d":1,"ty":"el","s":{"a":1,"k":[{"i":{"x":[0.667,0.667],"y":[1,1]},"o":{"x":[1,1],"y":[0,0]},"t":0,"s":[974,974]},{"i":{"x":[0.667,0.667],"y":[1,1]},"o":{"x":[0.333,0.333],"y":[0,0]},"t":8,"s":[1169,1169]},{"i":{"x":[0.667,0.667],"y":[1,1]},"o":{"x":[1,1],"y":[0,0]},"t":17,"s":[974,974]},{"i":{"x":[0.667,0.667],"y":[1,1]},"o":{"x":[0.333,0.333],"y":[0,0]},"t":25,"s":[1169,1169]},{"i":{"x":[0.667,0.667],"y":[1,1]},"o":{"x":[1,1],"y":[0,0]},"t":34,"s":[974,974]},{"i":{"x":[0.667,0.667],"y":[1,1]},"o":{"x":[0.333,0.333],"y":[0,0]},"t":42,"s":[1169,1169]},{"i":{"x":[0.667,0.667],"y":[1,1]},"o":{"x":[1,1],"y":[0,0]},"t":51,"s":[974,974]},{"t":59,"s":[1169,1169]}],"ix":2},"p":{"a":0,"k":[0,0],"ix":3},"nm":"Ellipse Path 1","mn":"ADBE Vector Shape - Ellipse","hd":false},{"ty":"st","c":{"a":0,"k":[0.815686334348,0.027450982262,0.027450982262,1],"ix":3},"o":{"a":0,"k":100,"ix":4},"w":{"a":1,"k":[{"i":{"x":[0.667],"y":[1]},"o":{"x":[0.952],"y":[0]},"t":0,"s":[6]},{"i":{"x":[0],"y":[1.023]},"o":{"x":[0.505],"y":[0]},"t":8,"s":[70]},{"i":{"x":[0.667],"y":[1]},"o":{"x":[0.333],"y":[0]},"t":16,"s":[0]},{"i":{"x":[0.667],"y":[1]},"o":{"x":[0.952],"y":[0]},"t":17,"s":[6]},{"i":{"x":[0],"y":[1.023]},"o":{"x":[0.505],"y":[0]},"t":25,"s":[70]},{"i":{"x":[0.667],"y":[1]},"o":{"x":[0.333],"y":[0]},"t":33,"s":[0]},{"i":{"x":[0.667],"y":[1]},"o":{"x":[0.952],"y":[0]},"t":34,"s":[6]},{"i":{"x":[0],"y":[1.023]},"o":{"x":[0.505],"y":[0]},"t":42,"s":[70]},{"i":{"x":[0.667],"y":[1]},"o":{"x":[0.333],"y":[0]},"t":50,"s":[0]},{"i":{"x":[0.667],"y":[1]},"o":{"x":[0.952],"y":[0]},"t":51,"s":[6]},{"i":{"x":[0],"y":[1.023]},"o":{"x":[0.505],"y":[0]},"t":59,"s":[70]},{"t":67,"s":[0]}],"ix":5},"lc":1,"lj":1,"ml":4,"bm":0,"nm":"Stroke 1","mn":"ADBE Vector Graphic - Stroke","hd":false},{"ty":"tr","p":{"a":0,"k":[-3,11],"ix":2},"a":{"a":0,"k":[0,0],"ix":1},"s":{"a":0,"k":[74.086,74.086],"ix":3},"r":{"a":0,"k":0,"ix":6},"o":{"a":0,"k":100,"ix":7},"sk":{"a":0,"k":0,"ix":4},"sa":{"a":0,"k":0,"ix":5},"nm":"Transform"}],"nm":"Ellipse 1","np":3,"cix":2,"bm":0,"ix":1,"mn":"ADBE Vector Group","hd":false}],"ip":0,"op":125,"st":0,"bm":0},{"ddd":0,"ind":3,"ty":4,"nm":"Shape Layer 1","sr":1,"ks":{"o":{"a":0,"k":100,"ix":11},"r":{"a":0,"k":0,"ix":10},"p":{"a":0,"k":[540,540,0],"ix":2},"a":{"a":0,"k":[0,0,0],"ix":1},"s":{"a":0,"k":[100,100,100],"ix":6}},"ao":0,"shapes":[{"ty":"gr","it":[{"d":1,"ty":"el","s":{"a":0,"k":[974,974],"ix":2},"p":{"a":0,"k":[0,0],"ix":3},"nm":"Ellipse Path 1","mn":"ADBE Vector Shape - Ellipse","hd":false},{"ty":"fl","c":{"a":0,"k":[0.81568627451,0.025590157976,0.025590157976,1],"ix":4},"o":{"a":0,"k":100,"ix":5},"r":1,"bm":0,"nm":"Fill 1","mn":"ADBE Vector Graphic - Fill","hd":false},{"ty":"tr","p":{"a":0,"k":[-3,11],"ix":2},"a":{"a":0,"k":[0,0],"ix":1},"s":{"a":0,"k":[74.086,74.086],"ix":3},"r":{"a":0,"k":0,"ix":6},"o":{"a":0,"k":100,"ix":7},"sk":{"a":0,"k":0,"ix":4},"sa":{"a":0,"k":0,"ix":5},"nm":"Transform"}],"nm":"Ellipse 1","np":3,"cix":2,"bm":0,"ix":1,"mn":"ADBE Vector Group","hd":false}],"ip":0,"op":125,"st":0,"bm":0}],"markers":[],"chars":[{"ch":"S","size":227,"style":"Regular","w":59.33,"data":{"shapes":[{"ty":"gr","it":[{"ind":0,"ty":"sh","ix":1,"ks":{"a":0,"k":{"i":[[-2.441,-1.904],[0,-3.483],[2.637,-2.018],[4.948,0],[3.174,2.49],[0,4.297],[0,0],[-2.295,-3.255],[-4.232,-1.871],[-4.883,0],[-4.492,3.467],[0,5.762],[1.611,2.67],[3.336,2.002],[5.908,1.663],[2.457,2.006],[0,2.903],[-2.588,2.039],[-4.623,0],[-2.734,-2.466],[0,-4.312],[0,0],[2.1,3.32],[3.825,1.888],[4.883,0],[4.475,-3.662],[0,-5.598],[-3.662,-3.369],[-8.041,-2.311]],"o":[[2.441,1.904],[0,3.484],[-2.637,2.019],[-5.306,0],[-3.174,-2.49],[0,0],[0,4.134],[2.295,3.255],[4.231,1.871],[7.52,0],[4.492,-3.467],[0,-3.613],[-1.611,-2.669],[-3.337,-2.002],[-5.908,-1.663],[-2.458,-2.005],[0,-3.619],[2.588,-2.039],[4.98,0],[2.734,2.467],[0,0],[0,-3.938],[-2.1,-3.32],[-3.825,-1.888],[-7.162,0],[-4.476,3.662],[0,4.948],[3.662,3.369],[6.413,1.855]],"v":[[42.48,-26.05],[46.143,-17.969],[42.188,-9.717],[30.811,-6.689],[18.091,-10.425],[13.33,-20.605],[3.906,-20.605],[7.349,-9.521],[17.139,-1.831],[30.811,0.977],[48.828,-4.224],[55.566,-18.066],[53.149,-27.49],[45.728,-34.497],[31.86,-39.995],[19.312,-45.498],[15.625,-52.86],[19.507,-61.346],[30.322,-64.404],[41.895,-60.705],[45.996,-50.537],[55.42,-50.537],[52.271,-61.426],[43.384,-69.238],[30.322,-72.07],[12.866,-66.577],[6.152,-52.686],[11.646,-40.21],[29.199,-31.689]],"c":true},"ix":2},"nm":"S","mn":"ADBE Vector Shape - Group","hd":false}],"nm":"S","np":3,"cix":2,"bm":0,"ix":1,"mn":"ADBE Vector Group","hd":false}]},"fFamily":"Roboto"},{"ch":"O","size":227,"style":"Regular","w":68.75,"data":{"shapes":[{"ty":"gr","it":[{"ind":0,"ty":"sh","ix":1,"ks":{"a":0,"k":{"i":[[0,0],[2.344,5.225],[4.346,2.751],[5.696,0],[4.346,-2.783],[2.376,-5.241],[0,-6.836],[0,0],[-2.393,-5.094],[-4.33,-2.75],[-5.599,0],[-4.297,2.734],[-2.344,5.193],[0,6.966]],"o":[[0,-6.934],[-2.344,-5.225],[-4.346,-2.75],[-5.599,0],[-4.346,2.783],[-2.377,5.241],[0,0],[0.065,6.706],[2.393,5.095],[4.329,2.751],[5.729,0],[4.297,-2.734],[2.344,-5.192],[0,0]],"v":[[62.939,-37.744],[59.424,-55.981],[49.39,-67.944],[34.326,-72.07],[19.409,-67.896],[9.326,-55.859],[5.762,-37.744],[5.762,-32.617],[9.448,-14.917],[19.531,-3.149],[34.424,0.977],[49.463,-3.125],[59.424,-15.015],[62.939,-33.252]],"c":true},"ix":2},"nm":"O","mn":"ADBE Vector Shape - Group","hd":false},{"ind":1,"ty":"sh","ix":2,"ks":{"a":0,"k":{"i":[[0,0],[3.32,-4.411],[6.055,0],[3.434,4.671],[0,8.171],[0,0],[-3.402,4.509],[-5.925,0],[-3.386,-4.508],[0,-8.43]],"o":[[-0.098,8.236],[-3.32,4.411],[-6.023,0],[-3.435,-4.671],[0,0],[0.098,-8.008],[3.401,-4.508],[6.087,0],[3.385,4.509],[0,0]],"v":[[53.613,-32.568],[48.486,-13.599],[34.424,-6.982],[20.239,-13.989],[15.088,-33.252],[15.088,-38.477],[20.337,-57.251],[34.326,-64.014],[48.535,-57.251],[53.613,-37.842]],"c":true},"ix":2},"nm":"O","mn":"ADBE Vector Shape - Group","hd":false}],"nm":"O","np":5,"cix":2,"bm":0,"ix":1,"mn":"ADBE Vector Group","hd":false}]},"fFamily":"Roboto"}]}